Rk,Player,Age,MP,Min,90s,Starts,Subs,unSub,Gls,Ast,G+A,G-PK,PK,PKatt,PKm,xG,npxG,xAG,xG+xAG,xA,npxG+xAG,G-xG,np:G-xG,A-xAG,npxG/Sh,Sh,G/Sh,G/SoT,SoT,SoT%,Dist,FK,Sh,G/Sh,G/SoT,SoT,SoT%,Dist,FK,Cmp,Att,Cmp%,KP,1/3,PPA,CrsPA,PrgP,TotDist,PrgDist,Cmp,Att,Cmp%,Cmp,Att,Cmp%,Cmp,Att,Cmp%,SCA,PassLive,PassDead,TO,Sh,Fld,Def,GCA,PassLive,PassDead,TO,Sh,Fld,Def,Carries,TotDist,PrgDist,PrgC,1/3,CPA,Mis,Dis,Rec,PrgR,Rec,PrgR,Carries,TotDist,PrgDist,PrgC,1/3,CPA,Mis,Dis,Touches,Def Pen,Def 3rd,Mid 3rd,Att 3rd,Att Pen,Live,Pos,-
1,Shiloh ’t Zand,21,19,1052,11.7,12,7,14,1,0,1,1,0,0,0,2.3,2.3,1.0,,1.0,3.3,-1.3,-1.3,-1.0,0.09,25,0.04,0.08,13,52.0,24.4,7,25,0.04,0.08,13,52.0,24.4,7,297,371,80.1,13,42,6,0,46,4791,1671,150,178,84.3,112,136,82.4,22,28,78.6,38,22,4,2,5,4,1,4,3,0,0,1,0,0,261,1258,555,11,11,2,22,13,318,30,318,30,261,1258,555,11,11,2,22,13,478,8,68,249,173,19,478,MF,1569ec50
2,Uriel van Aalst,,2,39,0.4,0,2,12,0,0,0,0,0,0,0,0.0,0.0,0.0,0.0,0.0,0.0,0.0,0.0,0.0,,1,0.00,,0,0.0,,0,1,0.00,,0,0.0,,0,7,8,87.5,1,1,0,0,1,74,36,3,3,100.0,2,2,100.0,0,0,,3,2,0,1,0,0,0,0,0,0,0,0,0,0,8,48,29,1,1,0,0,0,9,1,9,1,8,48,29,1,1,0,0,0,11,0,1,8,3,0,11,FW,ba469ddc
3,Patrick van Aanholt,33,21,1656,18.4,20,1,0,0,0,0,0,0,0,0,0.6,0.6,1.3,1.9,2.2,1.9,-0.6,-0.6,-1.3,0.03,19,0.00,0.00,1,5.3,23.3,1,19,0.00,0.00,1,5.3,23.3,1,680,823,82.6,16,59,26,7,86,11514,4093,305,353,86.4,302,342,88.3,57,92,62.0,45,39,1,1,3,0,1,3,3,0,0,0,0,0,489,2672,1411,39,39,4,29,4,545,64,545,64,489,2672,1411,39,39,4,29,4,1010,70,309,470,245,20,1010,DF,5f09991f
4,Max Aarons,24,9,341,3.8,4,5,25,0,0,0,0,0,0,0,0.0,0.0,0.0,0.0,0.0,0.0,0.0,0.0,0.0,,0,,,0,,,0,0,,,0,,,0,97,129,75.2,1,10,0,0,14,1592,551,45,55,81.8,45,59,76.3,5,11,45.5,3,3,0,0,0,0,0,0,0,0,0,0,0,0,87,367,171,1,3,0,4,1,89,13,89,13,87,367,171,1,3,0,4,1,158,3,40,68,51,0,158,DF,774cf58b
5,Brenden Aaronson,23,47,3613,40.1,44,3,2,9,2,11,9,0,0,0,11.3,11.3,5.7,,6.0,17.0,-2.3,-2.3,-3.7,0.13,86,0.10,0.35,26,30.2,16.5,3,86,0.10,0.35,26,30.2,16.5,3,1028,1293,79.5,73,84,49,10,160,13715,3018,627,728,86.1,302,366,82.5,34,64,53.1,145,108,5,12,12,7,1,13,10,0,0,3,0,0,1086,5865,2620,84,67,36,103,112,1336,243,1336,243,1086,5865,2620,84,67,36,103,112,1777,9,144,739,921,171,1777,FWMF,5bc43860
6,Paxten Aaronson,20,34,2768,30.8,31,3,0,8,4,12,8,0,0,0,5.3,5.3,2.9,,4.0,8.2,+2.7,+2.7,+1.1,0.09,62,0.13,0.53,15,24.2,18.6,0,62,0.13,0.53,15,24.2,18.6,0,718,904,79.4,34,65,29,2,116,11995,3016,320,361,88.6,319,373,85.5,51,86,59.3,84,57,4,3,11,4,5,8,6,0,0,2,0,0,691,4321,1713,51,33,12,31,41,707,80,707,80,691,4321,1713,51,33,12,31,41,1285,30,258,635,418,75,1285,MF,4cd41883
7,Thelo Aasgaard,22,47,4015,44.6,44,3,0,15,2,17,14,1,1,0,3.2,3.2,1.1,,1.4,4.3,-1.2,-1.2,+0.9,0.08,104,0.11,0.28,40,38.5,21.0,3,104,0.11,0.28,40,38.5,21.0,3,328,455,72.1,13,26,17,1,46,5423,973,160,194,82.5,132,175,75.4,24,50,48.0,39,28,1,2,5,3,0,1,1,0,0,0,0,0,341,2011,689,27,16,5,43,30,392,71,392,71,341,2011,689,27,16,5,43,30,692,35,93,274,331,44,692,MF,c88a28b9
8,David Abagna,25,8,560,6.2,7,1,0,3,0,3,3,0,0,0,2.3,2.3,0.1,2.4,0.2,2.4,+0.7,+0.7,-0.1,0.14,17,0.18,0.60,5,29.4,23.5,0,17,0.18,0.60,5,29.4,23.5,0,236,274,86.1,1,26,2,0,27,4071,971,106,114,93.0,99,114,86.8,25,31,80.6,12,7,0,0,0,2,3,0,0,0,0,0,0,0,193,1383,719,16,5,0,15,6,225,11,225,11,193,1383,719,16,5,0,15,6,337,8,51,204,88,14,337,MFFW,d92b03d6
9,Rodrigo Abajas,21,1,65,0.7,1,0,8,0,0,0,0,0,0,0,0.1,0.1,0.0,0.1,0.0,0.1,-0.1,-0.1,0.0,0.07,1,0.00,,0,0.0,24.5,0,1,0.00,,0,0.0,24.5,0,17,29,58.6,0,0,0,0,2,268,110,11,14,78.6,4,7,57.1,2,7,28.6,0,0,0,0,0,0,0,0,0,0,0,0,0,0,13,101,67,3,2,1,0,2,16,3,16,3,13,101,67,3,2,1,0,2,36,1,8,19,9,1,36,DF,69c99fce
10,James Abankwah,20,27,1601,17.8,18,9,13,0,0,0,0,0,0,0,0.1,0.1,0.3,,0.4,0.4,-0.1,-0.1,-0.3,0.03,6,0.00,0.00,1,16.7,14.7,0,6,0.00,0.00,1,16.7,14.7,0,816,971,84.0,6,51,3,0,59,14025,5101,355,384,92.4,369,415,88.9,68,132,51.5,17,15,0,1,1,0,0,1,1,0,0,0,0,0,695,4267,2449,24,13,2,12,12,766,10,766,10,695,4267,2449,24,13,2,12,12,1188,125,624,519,59,10,1188,DF,4b7a9fcc
11,Rodrigo Abascal,30,29,2599,28.9,29,0,0,0,0,0,0,0,0,0,0.8,0.8,1.7,2.5,1.5,2.5,-0.8,-0.8,-1.7,0.04,19,0.00,0.00,5,26.3,24.0,2,19,0.00,0.00,5,26.3,24.0,2,904,1286,70.3,17,84,15,6,66,21266,11349,216,246,87.8,476,578,82.4,207,440,47.0,48,29,16,1,2,0,0,1,1,0,0,0,0,0,744,3182,1552,10,6,0,13,4,813,24,813,24,744,3182,1552,10,6,0,13,4,1607,222,849,589,179,23,1607,DF,088ae0d1
12,Nelson Abbey,20,9,692,7.7,8,1,21,0,0,0,0,0,0,0,0.1,0.1,0.1,,0.1,0.2,-0.1,-0.1,-0.1,0.03,3,0.00,,0,0.0,19.8,0,3,0.00,,0,0.0,19.8,0,279,366,76.2,2,9,3,2,14,4917,1600,115,130,88.5,146,169,86.4,15,49,30.6,4,3,1,0,0,0,0,0,0,0,0,0,0,0,229,1220,574,7,7,1,8,5,253,7,253,7,229,1220,574,7,7,1,8,5,460,52,223,196,44,3,460,DF,33f40a36
13,Keyliane Abdallah,18,1,3,0.0,0,1,7,0,0,0,0,0,0,0,0.0,0.0,0.0,0.0,0.0,0.0,0.0,0.0,0.0,,0,,,0,,,0,0,,,0,,,0,2,2,100.0,0,0,0,0,0,41,0,0,0,,2,2,100.0,0,0,,0,0,0,0,0,0,0,0,0,0,0,0,0,0,1,10,9,1,0,0,1,0,3,0,3,0,1,10,9,1,0,0,1,0,4,0,3,1,0,0,4,FW,7310786d
14,Yunis Abdelhamid,36,17,1123,12.5,12,5,17,0,0,0,0,0,0,0,0.2,0.2,0.1,0.4,0.3,0.4,-0.2,-0.2,-0.1,0.12,2,0.00,0.00,1,50.0,10.8,0,2,0.00,0.00,1,50.0,10.8,0,438,505,86.7,2,28,0,0,22,7952,2404,147,160,91.9,263,287,91.6,23,48,47.9,6,5,1,0,0,0,0,0,0,0,0,0,0,0,322,1732,837,4,1,0,8,3,393,3,393,3,322,1732,837,4,1,0,8,3,641,127,414,215,14,7,641,DF,32c2d95f
15,Himad Abdelli,24,36,3108,34.5,34,2,0,6,1,7,3,3,4,1,6.4,3.2,3.2,9.5,3.7,6.4,-0.4,-0.2,-2.2,0.09,35,0.09,0.38,8,22.9,22.6,0,35,0.09,0.38,8,22.9,22.6,0,1373,1672,82.1,39,171,38,3,207,21646,6031,710,807,88.0,531,612,86.8,82,151,54.3,94,80,2,5,1,3,3,5,3,0,2,0,0,0,1183,7595,4388,107,90,17,55,51,1446,111,1446,111,1183,7595,4388,107,90,17,55,51,1993,38,293,1149,597,49,1989,MFFW,7978cbf0
16,Mohamed Abdelmoneim,25,18,1395,15.5,16,2,14,0,0,0,0,0,0,0,0.1,0.1,0.1,0.0,0.3,0.2,-0.1,-0.1,-0.1,0.04,3,0.00,,0,0.0,10.3,0,3,0.00,,0,0.0,10.3,0,751,824,91.1,3,54,1,0,72,13152,4384,314,330,95.2,384,410,93.7,43,64,67.2,13,12,0,1,0,0,0,0,0,0,0,0,0,0,591,2732,1595,10,10,0,4,3,618,6,618,6,591,2732,1595,10,10,0,4,3,983,97,405,506,75,6,983,DF,bff15d74
17,Bilal Abdelrahman Zeeni,21,11,367,4.1,2,9,3,0,0,0,0,0,0,0,0.0,0.0,0.1,,0.1,0.1,0.0,0.0,-0.1,0.02,1,0.00,0.00,1,100.0,25.2,0,1,0.00,0.00,1,100.0,25.2,0,2,3,66.7,2,0,1,0,1,30,12,1,1,100.0,1,2,50.0,0,0,,3,2,0,0,0,0,1,0,0,0,0,0,0,0,4,13,5,0,0,0,0,0,4,1,4,1,4,13,5,0,0,0,0,0,6,1,1,1,4,1,6,MFFW,baa6cdf7
18,Ali Abdi,30,33,1787,19.9,21,12,3,5,2,7,5,0,0,0,4.3,4.3,2.1,,2.0,6.4,+0.7,+0.7,-0.1,0.17,32,0.16,0.42,12,37.5,16.9,1,32,0.16,0.42,12,37.5,16.9,1,561,757,74.1,24,22,23,7,48,8782,2989,303,352,86.1,208,274,75.9,36,78,46.2,50,38,3,4,4,0,1,3,1,1,0,1,0,0,452,2213,1173,40,19,10,33,14,544,117,544,117,452,2213,1173,40,19,10,33,14,988,55,251,390,355,52,988,MF,ad7cdb35
19,Taha Abdi Ali,26,7,288,3.2,3,4,0,1,0,1,1,0,0,0,0.7,0.7,0.1,0.8,0.5,0.8,+0.3,+0.3,-0.1,0.08,9,0.11,0.33,3,33.3,15.5,0,9,0.11,0.33,3,33.3,15.5,0,89,122,73.0,2,2,5,1,10,1083,336,59,72,81.9,21,25,84.0,2,3,66.7,13,8,0,3,2,0,0,0,0,0,0,0,0,0,114,775,384,17,13,9,10,6,130,34,130,34,114,775,384,17,13,9,10,6,174,3,34,49,95,23,174,FW,da4b8a4e
20,Salis Abdul Samed,24,11,325,3.6,3,8,4,0,0,0,0,0,0,0,0.0,0.0,0.0,0.0,0.1,0.0,0.0,0.0,0.0,,0,,,0,,,0,0,,,0,,,0,145,162,89.5,1,14,0,0,15,2464,511,53,59,89.8,75,77,97.4,9,12,75.0,5,5,0,0,0,0,0,0,0,0,0,0,0,0,106,607,265,5,5,0,2,0,129,10,129,10,106,607,265,5,5,0,2,0,183,6,33,112,41,2,183,MF,82464ce3
21,Azeem Abdulai,21,41,1587,17.6,15,26,9,6,1,7,6,0,0,0,0.4,0.4,0.2,,0.5,0.6,+0.6,+0.6,+0.8,0.22,20,0.30,0.55,11,55.0,6.1,0,20,0.30,0.55,11,55.0,6.1,0,102,143,71.3,2,2,4,0,10,1534,219,63,76,82.9,28,38,73.7,9,16,56.3,4,3,0,1,0,0,0,0,0,0,0,0,0,0,129,674,232,8,10,1,17,4,142,53,142,53,129,674,232,8,10,1,17,4,196,4,21,63,113,13,196,MF,a0893a41
22,Jalal Abdulai,19,5,241,2.7,2,3,3,0,0,0,0,0,0,0,0.7,0.7,0.1,0.7,0.0,0.7,-0.7,-0.7,-0.1,0.13,5,0.00,0.00,1,20.0,11.9,0,5,0.00,0.00,1,20.0,11.9,0,22,40,55.0,2,2,1,0,4,293,58,11,17,64.7,6,12,50.0,2,4,50.0,3,2,0,0,0,1,0,0,0,0,0,0,0,0,40,364,152,6,5,2,6,4,46,8,46,8,40,364,152,6,5,2,6,4,66,2,10,26,33,7,66,FW,44e4dfab
23,Saud Abdulhamid,25,8,380,4.2,4,4,37,1,1,2,1,0,0,0,0.4,0.4,0.8,0.2,0.8,1.2,+0.6,+0.6,+0.2,0.11,4,0.25,1.00,1,25.0,22.1,0,4,0.25,1.00,1,25.0,22.1,0,213,249,85.5,7,10,7,3,16,3116,793,122,131,93.1,81,96,84.4,5,11,45.5,18,13,2,1,0,2,0,1,1,0,0,0,0,0,181,826,374,14,3,5,7,1,194,40,194,40,181,826,374,14,3,5,7,1,287,5,52,118,118,13,287,DF,caa254e4
24,Ahmed Abdullahi,20,1,1,0.0,0,1,0,0,0,0,0,0,0,0,0.0,0.0,0.0,0.0,0.0,0.0,0.0,0.0,0.0,,0,,,0,,,0,0,,,0,,,0,2,2,100.0,0,0,0,0,1,31,13,1,1,100.0,1,1,100.0,0,0,,0,0,0,0,0,0,0,0,0,0,0,0,0,0,2,14,5,0,0,0,1,0,2,0,2,0,2,14,5,0,0,0,1,0,4,0,1,3,0,0,4,MF,8073edf4
25,Saminu Abdullahi,23,10,404,4.5,4,6,18,0,1,1,0,0,0,0,0.0,0.0,0.1,,0.0,0.1,0.0,0.0,+0.9,,3,0.00,0.00,1,33.3,,0,3,0.00,0.00,1,33.3,,0,11,17,64.7,1,1,0,0,4,167,44,6,8,75.0,5,8,62.5,0,0,,0,0,0,0,0,0,0,0,0,0,0,0,0,0,15,109,58,1,1,0,1,1,16,4,16,4,15,109,58,1,1,0,1,1,23,3,6,9,9,0,23,MF,71311fdb
26,Abel,23,39,2358,26.2,23,16,4,2,0,2,2,0,0,0,0.5,0.5,1.0,,1.5,1.6,+1.5,+1.5,-1.0,0.04,15,0.13,0.40,5,33.3,22.9,0,15,0.13,0.40,5,33.3,22.9,0,776,1071,72.5,16,57,18,13,77,12899,5046,385,439,87.7,315,401,78.6,58,158,36.7,39,29,2,5,0,1,2,4,2,0,1,0,0,1,605,3269,1792,50,44,7,27,18,683,92,683,92,605,3269,1792,50,44,7,27,18,1322,65,370,605,357,19,1322,DF,40b6bd38
27,José Abella,30,34,2524,28.0,28,6,0,0,3,3,0,0,0,0,0.3,0.3,2.0,1.8,2.3,2.4,-0.3,-0.3,+1.0,0.04,8,0.00,0.00,3,37.5,22.4,2,8,0.00,0.00,3,37.5,22.4,2,1106,1468,75.3,31,75,22,18,104,21627,9403,435,496,87.7,496,631,78.6,159,283,56.2,59,42,13,0,1,2,1,6,3,3,0,0,0,0,745,2662,1212,14,18,1,24,8,911,65,911,65,745,2662,1212,14,18,1,24,8,1727,96,546,849,347,22,1727,DF,93f24791
28,Nabil Aberdin,21,11,505,5.6,6,5,8,0,0,0,0,0,0,0,0.0,0.0,0.0,,0.1,0.1,0.0,0.0,0.0,0.02,2,0.00,,0,0.0,31.2,0,2,0.00,,0,0.0,31.2,0,36,61,59.0,1,7,2,0,6,680,267,12,20,60.0,12,19,63.2,8,13,61.5,3,3,0,0,0,0,0,0,0,0,0,0,0,0,34,148,74,2,0,0,1,1,36,2,36,2,34,148,74,2,0,0,1,1,87,6,21,56,10,2,87,DF,cadfa7d1
29,Oliver Abildgaard,28,26,851,9.5,7,19,11,0,1,1,0,0,0,0,0.1,0.1,0.5,0.6,0.5,0.6,-0.1,-0.1,+0.5,0.02,7,0.00,0.00,2,28.6,17.7,0,7,0.00,0.00,2,28.6,17.7,0,215,341,63.0,7,24,6,2,42,3536,1307,98,136,72.1,97,145,66.9,14,34,41.2,11,8,0,0,2,1,0,2,1,0,0,1,0,0,148,783,332,1,5,0,10,4,196,6,196,6,148,783,332,1,5,0,10,4,474,41,150,253,74,24,474,MF,8f5cdf66
30,Diego Abitia,21,11,320,3.6,3,8,5,0,0,0,0,0,0,0,0.4,0.4,0.4,0.8,0.0,0.8,-0.4,-0.4,-0.4,0.08,5,0.00,0.00,1,20.0,9.7,0,5,0.00,0.00,1,20.0,9.7,0,48,65,73.8,2,2,1,0,2,618,63,31,39,79.5,14,16,87.5,1,2,50.0,6,2,0,1,1,2,0,1,0,0,0,0,1,0,67,511,152,7,4,3,13,7,77,15,77,15,67,511,152,7,4,3,13,7,100,3,7,46,48,13,100,FW,49dc9833
31,Fabio Abiuso,21,26,884,9.8,7,19,12,2,1,3,2,0,0,0,2.4,2.4,0.5,2.6,0.8,2.9,-0.4,-0.4,+0.5,0.13,19,0.11,0.29,7,36.8,11.5,0,19,0.11,0.29,7,36.8,11.5,0,101,170,59.4,8,8,4,0,11,1275,192,63,93,67.7,29,47,61.7,2,7,28.6,18,15,0,2,1,0,0,4,4,0,0,0,0,0,122,518,177,4,10,3,29,7,187,43,187,43,122,518,177,4,10,3,29,7,271,8,23,119,129,40,271,FW,7e63b39c
32,Matthis Abline,21,36,2948,32.8,35,1,0,11,2,13,10,1,1,0,8.5,7.7,3.8,,3.4,11.5,+0.5,+0.3,-1.8,0.11,79,0.13,0.36,28,35.4,15.0,0,79,0.13,0.36,28,35.4,15.0,0,351,538,65.2,27,23,15,4,48,5145,976,185,256,72.3,119,160,74.4,20,38,52.6,61,43,0,8,6,3,1,9,6,0,2,1,0,0,587,3670,1743,75,42,42,92,65,689,169,689,169,587,3670,1743,75,42,42,92,65,878,34,75,382,438,142,877,FW,0e46fa2f
33,Abner,24,27,1625,18.1,18,9,19,2,1,3,2,0,0,0,0.7,0.7,1.3,,2.6,2.0,+1.3,+1.3,-0.3,0.07,10,0.20,0.50,4,40.0,18.4,0,10,0.20,0.50,4,40.0,18.4,0,778,928,83.8,15,59,13,3,85,11316,4636,474,517,91.7,241,291,82.8,42,71,59.2,29,25,3,0,1,0,0,1,1,0,0,0,0,0,589,2419,1457,35,20,6,18,10,696,69,696,69,589,2419,1457,35,20,6,18,10,1087,51,301,501,292,27,1087,DF,7f9c5d2d
34,Zakaria Aboukhlal,24,27,1991,22.1,23,4,1,7,2,9,6,1,2,1,10.2,8.6,1.6,,2.0,10.2,-3.2,-2.6,+0.4,0.14,62,0.10,0.23,26,41.9,14.6,0,62,0.10,0.23,26,41.9,14.6,0,221,349,63.3,12,16,10,4,22,2789,753,145,193,75.1,56,94,59.6,6,15,40.0,34,19,0,4,6,4,1,7,3,0,1,0,3,0,375,1923,880,34,24,19,64,26,450,164,450,164,375,1923,880,34,24,19,64,26,613,6,59,196,363,113,611,MF,c2a6033c
35,Abdel Abqar,25,29,2463,27.4,29,0,0,0,1,1,0,0,0,0,0.9,0.9,0.3,1.2,0.4,1.2,-0.9,-0.9,+0.7,0.08,12,0.00,0.00,1,8.3,8.0,0,12,0.00,0.00,1,8.3,8.0,0,719,939,76.6,8,67,10,2,79,16039,5771,180,194,92.8,421,460,91.5,114,258,44.2,25,20,0,0,2,1,2,3,2,0,0,0,1,0,632,3531,2013,16,7,0,18,3,650,4,650,4,632,3531,2013,16,7,0,18,3,1251,160,659,545,58,25,1251,DF,2bc7f211
36,Tammy Abraham,26,45,1769,19.7,17,28,7,10,6,16,9,1,2,1,8.3,6.6,2.8,1.9,1.6,9.5,-3.3,-2.6,+3.2,0.20,44,0.20,0.43,21,47.7,13.2,1,44,0.20,0.43,21,47.7,13.2,1,186,274,67.9,18,16,10,0,33,2377,681,119,155,76.8,50,84,59.5,5,11,45.5,40,31,0,1,5,3,0,11,8,0,1,1,1,0,207,836,357,17,11,7,26,16,298,90,298,90,207,836,357,17,11,7,26,16,457,25,58,202,199,80,455,FW,f586779e
37,Mohammad Abu Fani,26,36,2275,25.3,24,12,1,3,7,10,3,0,0,0,0.5,0.5,1.8,,1.7,2.3,+0.5,+0.5,+5.2,0.05,46,0.07,0.30,10,21.7,24.3,0,46,0.07,0.30,10,21.7,24.3,0,379,500,75.8,15,41,13,2,60,7294,2259,163,181,90.1,147,184,79.9,61,99,61.6,30,20,8,0,1,1,0,3,2,1,0,0,0,0,398,2006,909,18,13,4,18,17,405,20,405,20,398,2006,909,18,13,4,18,17,608,12,144,305,169,11,608,MF,f417a1fa
38,Francis Abu,23,38,2315,25.7,25,13,1,0,5,5,0,0,0,0,0.8,0.8,2.3,0.3,2.0,3.1,-0.8,-0.8,+2.7,0.03,24,0.00,0.00,3,12.5,24.6,1,24,0.00,0.00,3,12.5,24.6,1,930,1228,75.7,21,155,18,4,160,16324,5655,392,510,76.9,413,511,80.8,92,148,62.2,64,46,7,0,6,0,5,8,5,0,0,2,0,1,764,3850,1398,7,34,2,24,17,706,40,706,40,764,3850,1398,7,34,2,24,17,1532,67,225,975,344,17,1532,MF,66fb354d
39,Giorgi Aburjania,29,10,317,3.5,3,7,4,0,0,0,0,0,0,0,0.3,0.3,0.6,,0.2,0.9,-0.3,-0.3,-0.6,0.32,1,0.00,0.00,1,100.0,10.8,0,1,0.00,0.00,1,100.0,10.8,0,115,138,83.3,9,17,1,0,22,1907,572,58,63,92.1,49,58,84.5,8,13,61.5,13,13,0,0,0,0,0,0,0,0,0,0,0,0,71,288,181,3,3,0,4,1,102,4,102,4,71,288,181,3,3,0,4,1,167,7,30,109,30,3,167,MF,0921a46c
40,Federico Accornero,20,1,5,0.1,0,1,13,0,0,0,0,0,0,0,0.0,0.0,0.0,0.0,0.0,0.0,0.0,0.0,0.0,,0,,,0,,,0,0,,,0,,,0,4,6,66.7,0,0,0,0,0,55,19,2,3,66.7,2,2,100.0,0,1,0.0,0,0,0,0,0,0,0,0,0,0,0,0,0,0,5,25,18,0,1,0,2,0,5,0,5,0,5,25,18,0,1,0,2,0,8,1,2,3,3,0,8,MF,83763653
41,Francesco Acerbi,36,33,2492,27.7,28,5,10,1,2,3,1,0,0,0,1.0,1.0,1.3,1.3,1.4,2.3,0.0,0.0,+0.7,0.10,10,0.10,0.33,3,30.0,10.6,0,10,0.10,0.33,3,30.0,10.6,0,1515,1653,91.7,12,64,8,5,71,27929,7850,525,562,93.4,869,915,95.0,103,137,75.2,24,23,0,0,1,0,0,2,2,0,0,0,0,0,1162,5254,2577,21,21,1,9,2,1374,25,1374,25,1162,5254,2577,21,21,1,9,2,1932,231,953,858,129,26,1932,DF,b96b595c
42,Alonso Aceves,23,17,1334,14.8,14,3,15,0,0,0,0,0,0,0,0.4,0.4,0.6,1.0,0.6,1.0,-0.4,-0.4,-0.6,0.04,11,0.00,0.00,4,36.4,22.6,0,11,0.00,0.00,4,36.4,22.6,0,629,760,82.8,4,34,1,0,51,12370,5005,207,232,89.2,342,379,90.2,72,127,56.7,10,9,1,0,0,0,0,0,0,0,0,0,0,0,515,2815,1554,11,10,2,8,0,549,22,549,22,515,2815,1554,11,10,2,8,0,928,79,460,387,88,12,928,DF,4ab21ca4
43,Joshua Acheampong,18,12,783,8.7,9,3,23,0,0,0,0,0,0,0,0.4,0.4,0.2,,0.3,0.6,-0.4,-0.4,-0.2,0.06,6,0.00,0.00,1,16.7,14.8,0,6,0.00,0.00,1,16.7,14.8,0,684,735,93.1,3,46,2,0,45,10995,2812,319,334,95.5,325,338,96.2,29,41,70.7,12,10,0,2,0,0,0,1,1,0,0,0,0,0,584,2881,1606,14,14,4,13,13,641,10,641,10,584,2881,1606,14,14,4,13,13,807,16,182,505,125,16,807,DF,b7e62e1d
44,Orseer Achihi,17,1,28,0.3,0,1,0,0,0,0,0,0,0,0,0.0,0.0,0.0,0.0,0.0,0.0,0.0,0.0,0.0,0.03,1,0.00,,0,0.0,24.3,0,1,0.00,,0,0.0,24.3,0,5,8,62.5,0,1,0,0,1,75,30,2,2,100.0,3,5,60.0,0,0,,0,0,0,0,0,0,0,0,0,0,0,0,0,0,14,93,32,1,1,1,2,1,14,4,14,4,14,93,32,1,1,1,2,1,15,0,3,8,4,1,15,FW,6647c1f0
45,Elias Achouri,25,29,1816,20.2,19,10,2,2,5,7,2,0,0,0,1.0,1.0,0.3,,0.5,1.3,-1.0,-1.0,+4.7,0.10,43,0.05,0.12,17,39.5,18.5,0,43,0.05,0.12,17,39.5,18.5,0,97,131,74.0,4,10,4,0,15,1405,272,49,58,84.5,36,45,80.0,5,9,55.6,12,11,0,0,1,0,0,1,1,0,0,0,0,0,114,696,296,9,4,5,11,6,131,35,131,35,114,696,296,9,4,5,11,6,173,1,18,67,91,17,173,MFFW,4dd2a0be
46,Desmond Acquah,22,13,231,2.6,0,13,11,0,0,0,0,0,0,0,0.0,0.0,0.1,0.1,0.2,0.1,0.0,0.0,-0.1,0.05,1,0.00,0.00,1,100.0,17.1,0,1,0.00,0.00,1,100.0,17.1,0,57,84,67.9,2,6,2,0,15,925,353,28,35,80.0,22,32,68.8,5,10,50.0,8,6,0,0,1,0,1,0,0,0,0,0,0,0,94,519,199,3,1,1,15,12,84,16,84,16,94,519,199,3,1,1,15,12,142,5,28,67,50,9,142,MFDF,7219fc4f
47,Gilberto Adame,19,12,417,4.6,3,9,4,0,0,0,0,0,0,0,0.2,0.2,0.2,0.5,0.4,0.5,-0.2,-0.2,-0.2,0.05,5,0.00,0.00,1,20.0,24.9,0,5,0.00,0.00,1,20.0,24.9,0,96,147,65.3,5,10,5,3,13,1562,571,50,65,76.9,38,49,77.6,7,22,31.8,9,5,2,1,0,1,0,0,0,0,0,0,0,0,111,739,351,17,8,3,17,7,124,33,124,33,111,739,351,17,8,3,17,7,214,14,60,64,91,8,214,DFMF,b366fe11
48,Emanuele Adamo,26,37,2331,25.9,25,12,1,2,0,2,2,0,0,0,2.0,2.0,0.9,2.9,1.5,2.9,0.0,0.0,-0.9,0.06,36,0.06,0.13,15,41.7,20.0,0,36,0.06,0.13,15,41.7,20.0,0,766,996,76.9,18,58,21,6,72,11808,3826,430,494,87.0,262,333,78.7,50,98,51.0,66,47,7,3,4,5,0,7,5,1,0,1,0,0,637,4306,2180,60,35,10,45,20,777,123,777,123,637,4306,2180,60,35,10,45,20,1303,63,358,573,402,47,1303,DFMF,45668d20
49,Akor Adams,24,20,1270,14.1,15,5,1,3,1,4,3,0,0,0,4.7,4.7,1.0,,0.2,5.7,-1.7,-1.7,0.0,0.17,30,0.10,0.21,14,46.7,13.9,0,30,0.10,0.21,14,46.7,13.9,0,132,206,64.1,12,11,1,0,11,1874,246,81,113,71.7,39,58,67.2,6,15,40.0,25,18,0,4,1,2,0,5,2,0,1,0,2,0,131,679,279,11,5,7,18,14,194,50,194,50,131,679,279,11,5,7,18,14,285,6,23,136,129,50,285,FW,2ccd39ed
50,Che Adams,28,38,2768,30.8,31,7,1,10,4,14,10,0,1,1,9.0,8.2,2.0,,2.9,10.2,0.0,+0.8,+2.0,0.13,65,0.15,0.38,26,40.0,15.7,0,65,0.15,0.38,26,40.0,15.7,0,414,557,74.3,26,32,7,0,40,6531,1184,221,283,78.1,134,168,79.8,37,53,69.8,63,49,1,0,8,5,0,5,4,0,0,1,0,0,509,2066,702,23,18,9,63,34,630,153,630,153,509,2066,702,23,18,9,63,34,802,19,53,387,371,104,801,FW,f2bf1b0f
51,Ebou Adams,28,46,3954,43.9,43,3,0,6,1,7,6,0,0,0,5.0,5.0,1.9,,1.4,6.9,+1.0,+1.0,-0.9,0.10,53,0.11,0.55,11,20.8,17.5,0,53,0.11,0.55,11,20.8,17.5,0,914,1296,70.5,18,101,19,4,131,16733,4113,370,469,78.9,411,537,76.5,114,193,59.1,58,39,0,0,5,13,1,4,2,0,0,1,1,0,741,3554,1457,27,24,5,71,41,850,77,850,77,741,3554,1457,27,24,5,71,41,1855,92,436,1041,411,68,1855,DFMF,84d7ae33
52,Tyler Adams,25,32,2353,26.1,25,7,1,0,3,3,0,0,0,0,1.6,1.6,1.0,,0.8,2.6,-1.6,-1.6,+2.0,0.18,11,0.00,0.00,2,18.2,16.9,0,11,0.00,0.00,2,18.2,16.9,0,902,1069,84.4,18,67,4,1,76,14322,3525,437,489,89.4,393,443,88.7,38,65,58.5,41,35,0,0,1,1,4,4,3,0,0,0,0,1,663,3337,1447,14,22,1,28,12,757,10,757,10,663,3337,1447,14,22,1,28,12,1337,62,349,779,224,18,1337,MF,2b09d998
53,Junior Adamu,23,27,1658,18.4,20,7,5,4,2,6,4,0,0,0,5.5,5.5,2.4,7.9,1.9,7.9,-3.5,-3.5,-0.4,0.16,43,0.09,0.31,13,30.2,12.4,0,43,0.09,0.31,13,30.2,12.4,0,198,312,63.5,17,7,8,0,14,2376,316,124,180,68.9,48,70,68.6,2,6,33.3,29,22,0,1,3,3,0,3,2,0,0,1,0,0,275,1026,349,8,5,4,59,24,350,84,350,84,275,1026,349,8,5,4,59,24,534,21,53,252,234,80,534,FW,82e12fe7
54,Tosin Adarabioyo,26,35,2534,28.2,28,7,19,4,1,5,4,0,0,0,1.4,1.4,0.6,1.2,0.7,2.0,+0.6,+0.6,+0.4,0.08,19,0.21,1.00,4,21.1,12.7,0,19,0.21,1.00,4,21.1,12.7,0,2104,2253,93.4,3,104,5,0,81,37781,13830,800,825,97.0,1181,1231,95.9,114,171,66.7,27,20,0,0,6,0,1,4,3,0,0,1,0,0,1591,6156,3451,7,7,1,8,0,1970,1,1970,1,1591,6156,3451,7,7,1,8,0,2463,292,1098,1313,54,25,2463,DF,c81d773d
55,Emmanuel Addai,22,8,162,1.8,1,7,0,0,0,0,0,0,0,0,0.3,0.3,0.2,0.5,0.2,0.5,-0.3,-0.3,-0.2,0.07,4,0.00,0.00,1,25.0,24.3,0,4,0.00,0.00,1,25.0,24.3,0,55,70,78.6,3,4,3,1,9,874,242,29,33,87.9,18,23,78.3,6,10,60.0,3,3,0,0,0,0,0,0,0,0,0,0,0,0,82,476,166,5,9,1,10,6,88,18,88,18,82,476,166,5,9,1,10,6,109,2,5,32,74,8,109,FWMF,e0764d9d
56,Jayden Addai,18,32,1476,16.4,17,15,11,8,3,11,7,1,1,0,1.1,1.1,0.4,0.1,1.0,1.5,-0.1,-0.1,+2.6,0.07,65,0.11,0.32,22,33.8,18.1,0,65,0.11,0.32,22,33.8,18.1,0,129,184,70.1,5,8,13,2,21,1783,527,79,101,78.2,42,55,76.4,4,10,40.0,27,12,0,7,2,6,0,3,1,0,0,0,2,0,198,1568,830,29,18,19,21,15,214,65,214,65,198,1568,830,29,18,19,21,15,297,5,37,120,148,31,297,FW,662ffe3d
57,Henry Addo,21,7,112,1.2,0,7,1,0,0,0,0,0,0,0,0.2,0.2,0.0,0.3,0.0,0.3,-0.2,-0.2,0.0,0.12,2,0.00,0.00,1,50.0,23.1,0,2,0.00,0.00,1,50.0,23.1,0,32,37,86.5,1,3,0,0,1,447,37,20,21,95.2,12,14,85.7,0,1,0.0,2,2,0,0,0,0,0,0,0,0,0,0,0,0,37,200,109,4,2,0,5,1,41,18,41,18,37,200,109,4,2,0,5,1,52,0,6,14,32,0,52,FW,e2ff6d17
58,Elijah Adebayo,26,41,2537,28.2,32,9,1,5,0,5,5,0,0,0,12.8,12.8,1.1,13.9,1.1,13.9,-7.8,-7.8,-1.1,0.19,73,0.07,0.16,31,42.5,11.1,0,73,0.07,0.16,31,42.5,11.1,0,219,313,70.0,16,8,10,1,20,2853,423,144,186,77.4,56,78,71.8,6,9,66.7,53,30,1,6,12,4,0,5,2,0,2,1,0,0,401,2234,704,31,22,23,88,49,458,144,458,144,401,2234,704,31,22,23,88,49,714,48,100,207,427,159,714,FW,0480ebc7
59,Noah Adedeji,19,26,738,8.2,8,18,4,3,4,7,3,0,0,0,3.0,3.0,1.7,,1.6,4.7,0.0,0.0,+2.3,0.17,21,0.14,0.30,10,47.6,15.2,0,21,0.14,0.30,10,47.6,15.2,0,198,242,81.8,13,8,7,3,16,2969,630,112,123,91.1,64,81,79.0,12,19,63.2,28,20,1,3,1,1,2,5,4,0,0,1,0,0,256,1991,948,35,18,19,20,11,238,58,238,58,256,1991,948,35,18,19,20,11,365,4,47,144,184,44,365,MF,9962d6f7
60,Farouck Adekami,17,3,129,1.4,1,2,11,0,0,0,0,0,0,0,0.2,0.2,0.1,0.4,0.1,0.4,-0.2,-0.2,-0.1,0.05,5,0.00,0.00,2,40.0,11.8,0,5,0.00,0.00,2,40.0,11.8,0,36,44,81.8,1,3,1,0,2,555,94,16,20,80.0,15,16,93.8,2,3,66.7,9,5,0,1,3,0,0,0,0,0,0,0,0,0,49,353,110,3,3,1,5,5,48,18,48,18,49,353,110,3,3,1,5,5,73,2,12,33,28,10,73,FWMF,66ff36d9
61,Bobby Adekanye,25,13,778,8.6,10,3,3,1,0,1,1,0,0,0,1.3,1.3,0.9,2.2,0.7,2.2,-0.3,-0.3,-0.9,0.07,18,0.06,0.20,5,27.8,17.2,0,18,0.06,0.20,5,27.8,17.2,0,147,214,68.7,7,11,17,8,22,2389,636,82,105,78.1,49,66,74.2,13,31,41.9,23,17,1,1,2,2,0,1,1,0,0,0,0,0,201,1634,859,31,14,12,16,12,214,60,214,60,201,1634,859,31,14,12,16,12,304,11,37,99,174,36,304,FWMF,3ed84b2c
62,Aske Adelgaard,20,22,1224,13.6,14,8,8,0,1,1,0,0,0,0,0.3,0.3,1.3,1.6,1.3,1.6,-0.3,-0.3,-0.3,0.06,5,0.00,0.00,1,20.0,21.0,0,5,0.00,0.00,1,20.0,21.0,0,512,676,75.7,15,32,11,3,39,8446,2959,271,307,88.3,188,237,79.3,41,100,41.0,33,18,13,0,1,1,0,3,2,1,0,0,0,0,404,1937,971,25,15,1,16,11,449,61,449,61,404,1937,971,25,15,1,16,11,816,46,274,296,254,10,816,DF,3397a49f
63,Martin Adeline,20,28,1242,13.8,13,15,3,2,2,4,2,0,0,0,0.0,0.0,0.0,,0.0,0.0,0.0,0.0,+2.0,,12,0.17,0.67,3,25.0,,0,12,0.17,0.67,3,25.0,,0,8,10,80.0,0,1,0,0,0,138,11,3,3,100.0,3,4,75.0,1,2,50.0,0,0,0,0,0,0,0,0,0,0,0,0,0,0,6,35,9,1,0,1,0,0,9,1,9,1,6,35,9,1,0,1,0,0,14,2,8,4,2,1,14,FW,7587446d
64,Arijan Ademi,33,24,1118,12.4,16,8,6,3,1,4,3,0,0,0,0.6,0.6,0.3,0.9,0.1,0.9,-0.6,-0.6,+0.7,0.11,23,0.13,0.50,6,26.1,14.6,0,23,0.13,0.50,6,26.1,14.6,0,84,96,87.5,2,6,0,0,9,1161,336,50,55,90.9,28,31,90.3,2,6,33.3,4,3,0,0,1,0,0,1,1,0,0,0,0,0,64,362,170,3,3,1,8,4,82,6,82,6,64,362,170,3,3,1,8,4,132,8,29,67,36,12,132,MF,ee926a02
65,Raymond Adeola,23,4,177,2.0,2,2,0,1,0,1,1,0,0,0,0.8,0.8,0.0,0.8,0.0,0.8,+0.2,+0.2,0.0,0.27,3,0.33,1.00,1,33.3,16.5,0,3,0.33,1.00,1,33.3,16.5,0,12,29,41.4,0,1,0,0,3,171,36,9,15,60.0,3,6,50.0,0,5,0.0,1,0,0,0,0,0,1,0,0,0,0,0,0,0,26,90,53,1,2,1,4,2,31,9,31,9,26,90,53,1,2,1,4,2,48,2,7,19,22,5,48,FWMF,f561b636
66,Shawn Adewoye,24,24,1748,19.4,20,4,1,1,0,1,1,0,0,0,1.5,1.5,0.1,1.6,0.3,1.6,-0.5,-0.5,-0.1,0.14,11,0.09,0.33,3,27.3,9.9,0,11,0.09,0.33,3,27.3,9.9,0,712,828,86.0,4,55,2,1,59,14127,4091,217,243,89.3,410,437,93.8,78,131,59.5,16,14,0,0,1,0,1,1,1,0,0,0,0,0,558,2839,1419,13,15,1,13,4,643,0,643,0,558,2839,1419,13,15,1,13,4,1074,163,531,473,73,14,1074,DF,be98fc34
67,Karim Adeyemi,22,36,2186,24.3,27,9,1,12,7,19,12,0,0,0,7.5,7.5,7.6,,4.5,15.1,+4.5,+4.5,-0.6,0.11,70,0.17,0.41,29,41.4,17.6,0,70,0.17,0.41,29,41.4,17.6,0,441,609,72.4,37,16,25,4,41,6462,1338,244,308,79.2,148,179,82.7,24,40,60.0,85,52,1,16,9,4,3,17,9,0,4,2,1,1,622,4676,2384,102,51,56,56,41,677,216,677,216,622,4676,2384,102,51,56,56,41,946,13,87,331,545,132,946,FW,501055d8
68,Simon Adingra,22,33,1416,15.7,15,18,9,5,2,7,5,0,0,0,2.5,2.5,2.5,,2.8,4.9,-0.5,-0.5,-0.5,0.07,41,0.12,0.36,14,34.1,17.0,0,41,0.12,0.36,14,34.1,17.0,0,290,382,75.9,16,5,17,6,18,4148,820,187,217,86.2,81,109,74.3,16,29,55.2,47,33,0,6,8,0,0,7,5,0,1,1,0,0,366,2514,1300,50,21,27,39,12,388,136,388,136,366,2514,1300,50,21,27,39,12,548,10,66,174,315,76,548,DFFW,4dcec659
69,Jakub Adkonis,17,1,10,0.1,0,1,3,0,0,0,0,0,0,0,0.0,0.0,0.0,0.0,0.0,0.0,0.0,0.0,0.0,,0,,,0,,,0,0,,,0,,,0,4,6,66.7,1,0,0,0,0,78,3,2,3,66.7,1,1,100.0,1,2,50.0,1,1,0,0,0,0,0,0,0,0,0,0,0,0,4,52,45,2,0,1,0,0,4,2,4,2,4,52,45,2,0,1,0,0,6,0,0,3,3,1,6,MF,716749d5
70,Amine Adli,24,28,1191,13.2,11,17,1,2,1,3,2,0,0,0,2.9,2.9,0.8,,2.1,3.7,-0.9,-0.9,+0.2,0.13,27,0.07,0.20,10,37.0,13.4,0,27,0.07,0.20,10,37.0,13.4,0,332,444,74.8,14,11,19,5,33,4272,941,211,253,83.4,91,123,74.0,9,23,39.1,34,23,0,3,4,4,0,0,0,0,0,0,0,0,297,1710,952,41,26,13,26,10,429,116,429,116,297,1710,952,41,26,13,26,10,575,7,56,195,334,60,575,MFFW,dcfb17f4
71,Yacine Adli,24,34,1635,18.2,19,15,7,5,7,12,5,0,0,0,1.2,1.2,3.5,3.4,2.9,4.7,+3.8,+3.8,+3.5,0.07,17,0.29,0.83,6,35.3,20.7,2,17,0.29,0.83,6,35.3,20.7,2,999,1235,80.9,37,118,22,7,137,19227,6083,414,467,88.7,410,466,88.0,152,248,61.3,77,55,15,2,4,1,0,13,7,3,1,2,0,0,890,5106,2285,32,41,4,22,10,970,36,970,36,890,5106,2285,32,41,4,22,10,1394,37,239,819,350,15,1394,MF,26777636
72,Andrea Adorante,24,33,2586,28.7,31,2,2,15,2,17,14,1,1,0,9.8,9.0,1.1,10.9,1.4,10.1,+5.2,+5.0,+0.9,0.12,72,0.19,0.48,29,40.3,14.6,1,72,0.19,0.48,29,40.3,14.6,1,333,542,61.4,15,32,4,0,48,4268,831,188,277,67.9,90,140,64.3,12,28,42.9,41,23,0,4,10,4,0,6,5,0,0,1,0,0,500,2388,873,32,20,19,83,52,657,129,657,129,500,2388,873,32,20,19,83,52,866,38,87,436,361,110,865,FW,7005ac66
73,Davide Adorni,31,37,3293,36.6,37,0,1,3,0,3,3,0,0,0,3.0,3.0,0.4,,0.5,3.4,0.0,0.0,-0.4,0.11,28,0.11,0.43,7,25.0,11.8,0,28,0.11,0.43,7,25.0,11.8,0,1408,1666,84.5,7,70,6,0,79,31543,12978,322,364,88.5,831,887,93.7,250,388,64.4,26,20,0,0,3,1,2,3,2,0,0,0,1,0,972,4705,2578,11,6,0,10,5,1224,3,1224,3,972,4705,2578,11,6,0,10,5,2039,309,1177,805,63,39,2039,DF,e43cb802
74,Adriano,24,32,2630,29.2,31,1,0,0,2,2,0,0,0,0,1.0,1.0,2.7,3.7,1.5,3.7,-1.0,-1.0,-0.7,0.08,13,0.00,0.00,4,30.8,18.6,0,13,0.00,0.00,4,30.8,18.6,0,1004,1193,84.2,19,106,10,2,99,17150,4413,445,495,89.9,461,525,87.8,73,123,59.3,54,46,0,1,3,1,3,5,4,0,0,1,0,0,758,3758,1738,26,23,1,21,18,945,28,945,28,758,3758,1738,26,23,1,21,18,1418,71,370,868,202,14,1418,MF,81053aea
75,Adryelson,26,10,723,8.0,8,2,4,1,0,1,1,0,0,0,0.4,0.4,0.1,0.4,0.1,0.6,+0.6,+0.6,-0.1,0.06,7,0.14,0.25,4,57.1,13.4,0,7,0.14,0.25,4,57.1,13.4,0,424,495,85.7,2,18,2,0,34,7730,2428,150,172,87.2,248,271,91.5,23,42,54.8,5,4,0,0,1,0,0,0,0,0,0,0,0,0,386,1887,862,4,2,0,3,0,398,2,398,2,386,1887,862,4,2,0,3,0,602,67,270,301,32,11,602,DF,e980e78d
76,Prince Adu Kwabena,20,33,1890,21.0,23,10,5,9,3,12,9,0,0,0,2.5,2.5,0.6,,0.2,3.1,+0.5,+0.5,+2.4,0.11,67,0.12,0.38,21,31.3,16.5,0,67,0.12,0.38,21,31.3,16.5,0,98,138,71.0,3,5,1,0,10,1248,245,63,77,81.8,17,28,60.7,7,9,77.8,20,11,0,3,2,3,1,3,1,0,0,2,0,0,160,1036,426,16,12,15,38,32,193,50,193,50,160,1036,426,16,12,15,38,32,289,2,22,109,167,42,289,FW,36bdd145
77,Michael Adu-Poku,18,21,1451,16.1,17,4,7,1,2,3,1,0,0,0,0.0,0.0,0.0,,0.0,0.0,0.0,0.0,+2.0,,0,,,0,,,0,0,,,0,,,0,0,1,0.0,0,0,0,0,0,0,0,0,1,0.0,0,0,,0,0,,0,0,0,0,0,0,0,0,0,0,0,0,0,0,1,25,11,1,1,0,0,0,1,1,1,1,1,25,11,1,1,0,0,0,1,0,0,0,1,0,1,MFDF,e47141d7
78,Vasilije Adžić,18,8,75,0.8,0,8,23,0,0,0,0,0,0,0,0.0,0.0,0.0,,0.0,0.0,0.0,0.0,0.0,0.03,2,0.00,0.00,1,50.0,29.1,0,2,0.00,0.00,1,50.0,29.1,0,23,29,79.3,0,2,1,0,1,399,55,12,14,85.7,8,9,88.9,3,3,100.0,2,1,0,0,1,0,0,0,0,0,0,0,0,0,21,79,21,0,1,0,2,1,28,4,28,4,21,79,21,0,1,0,2,1,35,0,5,16,14,3,35,MF,8b0f9fb8
79,Michel Aebischer,27,16,762,8.5,9,7,14,0,0,0,0,0,0,0,0.4,0.4,0.4,,0.6,0.8,-0.4,-0.4,-0.4,0.04,10,0.00,0.00,5,50.0,22.0,1,10,0.00,0.00,5,50.0,22.0,1,376,431,87.2,8,43,5,2,35,6700,1501,171,187,91.4,156,172,90.7,42,54,77.8,19,16,2,0,0,0,1,0,0,0,0,0,0,0,301,1228,508,8,12,2,7,7,357,18,357,18,301,1228,508,8,12,2,7,7,499,11,75,312,117,11,499,MF,f9c927de
80,Olivier Aertssen,19,21,1145,12.7,14,7,2,1,0,1,1,0,0,0,0.6,0.6,0.6,1.2,1.1,1.2,+0.4,+0.4,-0.6,0.10,6,0.17,0.50,2,33.3,17.0,0,6,0.17,0.50,2,33.3,17.0,0,442,572,77.3,6,50,9,3,47,8079,3318,182,212,85.8,211,249,84.7,43,79,54.4,17,11,1,4,0,0,1,4,2,0,1,0,0,1,324,1904,988,13,13,4,18,8,358,19,358,19,324,1904,988,13,13,4,18,8,751,61,277,359,129,11,751,DF,69bff230
81,Oladapo Afolayan,26,34,1767,19.6,18,16,2,3,1,4,3,0,0,0,3.1,3.1,3.8,7.0,3.6,7.0,-0.1,-0.1,-2.8,0.08,40,0.08,0.21,14,35.0,20.4,0,40,0.08,0.21,14,35.0,20.4,0,320,461,69.4,21,23,14,10,32,5556,1270,148,185,80.0,129,165,78.2,35,55,63.6,52,28,0,12,7,5,0,6,3,0,3,0,0,0,495,3452,1392,53,43,28,63,45,555,108,555,108,495,3452,1392,53,43,28,63,45,741,13,84,304,365,62,741,FWMF,5054c359
82,Lucas Áfrico,29,21,1757,19.5,20,1,9,1,0,1,1,0,0,0,1.3,1.3,0.1,1.3,0.1,1.3,-0.3,-0.3,-0.1,0.08,16,0.06,0.33,3,18.8,11.3,0,16,0.06,0.33,3,18.8,11.3,0,564,714,79.0,3,35,1,0,31,12679,4963,121,137,88.3,334,370,90.3,101,175,57.7,13,9,0,0,4,0,0,1,1,0,0,0,0,0,427,2147,1225,6,5,0,8,2,545,3,545,3,427,2147,1225,6,5,0,8,2,923,150,578,300,49,28,923,DF,8fd083bb
83,Peter Agba,21,6,282,3.1,3,3,2,1,0,1,1,0,0,0,0.3,0.3,0.0,0.3,0.1,0.3,+0.7,+0.7,0.0,0.05,5,0.20,1.00,1,20.0,24.9,0,5,0.20,1.00,1,20.0,24.9,0,149,173,86.1,1,12,1,0,11,2697,443,55,62,88.7,70,78,89.7,14,16,87.5,6,4,1,1,0,0,0,0,0,0,0,0,0,0,123,767,278,6,3,0,5,2,133,6,133,6,123,767,278,6,3,0,5,2,208,4,38,145,28,1,208,MF,8ca5eb4a
84,Emmanuel Agbadou,27,33,2932,32.6,33,0,0,1,0,1,1,0,0,0,1.4,1.4,0.5,0.8,0.7,1.9,-0.4,-0.4,-0.5,0.06,22,0.05,0.20,5,22.7,28.4,2,22,0.05,0.20,5,22.7,28.4,2,1665,1923,86.6,12,111,5,1,108,33865,13165,569,615,92.5,866,918,94.3,217,355,61.1,38,34,2,1,1,0,0,4,3,1,0,0,0,0,1379,7083,3726,16,13,0,15,10,1497,2,1497,2,1379,7083,3726,16,13,0,15,10,2252,368,1214,978,73,11,2252,DF,75f1ed80
85,Asher Agbinone,18,8,335,3.7,5,3,15,0,0,0,0,0,0,0,0.0,0.0,0.0,,0.0,0.1,0.0,0.0,0.0,0.02,10,0.00,0.00,3,30.0,26.3,0,10,0.00,0.00,3,30.0,26.3,0,2,3,66.7,1,0,0,0,0,32,0,1,1,100.0,1,2,50.0,0,0,,1,1,0,0,0,0,0,0,0,0,0,0,0,0,5,53,23,2,0,0,0,1,5,1,5,1,5,53,23,2,0,0,0,1,8,0,0,2,6,0,8,MFFW,6a10efb3
86,Jeremy Agbonifo,18,8,300,3.3,1,7,3,1,0,1,1,0,0,0,0.7,0.7,0.2,0.9,0.4,0.9,+0.3,+0.3,-0.2,0.11,6,0.17,0.25,4,66.7,14.1,0,6,0.17,0.25,4,66.7,14.1,0,58,80,72.5,3,4,4,2,6,743,182,37,43,86.0,18,24,75.0,1,4,25.0,8,7,1,0,0,0,0,0,0,0,0,0,0,0,84,627,283,13,2,10,11,6,92,36,92,36,84,627,283,13,2,10,11,6,131,1,22,39,72,16,131,FWMF,3d6aaa54
87,Erlingur Agnarsson,26,6,467,5.2,6,0,0,0,2,2,0,0,0,0,0.2,0.2,0.8,1.0,0.3,1.0,-0.2,-0.2,+1.2,0.08,2,0.00,,0,0.0,12.3,0,2,0.00,,0,0.0,12.3,0,67,105,63.8,2,5,5,0,10,905,239,39,51,76.5,19,31,61.3,3,6,50.0,8,7,0,0,1,0,0,5,4,0,0,1,0,0,85,421,195,7,7,2,14,4,93,34,93,34,85,421,195,7,7,2,14,4,157,6,19,61,79,14,157,MFFW,2eb9a3bb
88,Lucien Agoume,22,37,2287,25.4,26,11,2,1,3,4,1,0,0,0,0.9,0.9,2.5,,1.6,3.3,+0.1,+0.1,+0.5,0.09,10,0.10,0.50,2,20.0,15.0,0,10,0.10,0.50,2,20.0,15.0,0,1007,1236,81.5,27,126,19,3,135,15958,5460,545,601,90.7,357,425,84.0,79,142,55.6,60,57,0,1,1,0,1,5,4,0,0,1,0,0,689,3227,1597,29,23,2,26,13,928,23,928,23,689,3227,1597,29,23,2,26,13,1481,65,386,867,248,19,1481,MF,8bc8829a
89,Salvador Agra,32,32,2731,30.3,31,1,0,1,2,3,1,0,0,0,1.4,1.4,4.1,5.5,3.8,5.5,-0.4,-0.4,-2.1,0.04,33,0.03,0.14,7,21.2,25.5,5,33,0.03,0.14,7,21.2,25.5,5,688,1014,67.9,53,54,28,17,73,11971,3935,319,385,82.9,276,373,74.0,76,189,40.2,86,58,25,1,0,2,0,3,2,1,0,0,0,0,638,3428,1694,56,41,11,51,30,730,147,730,147,638,3428,1694,56,41,11,51,30,1236,20,217,550,480,38,1236,MFDF,a130741a
90,Felix Agu,24,25,1843,20.5,22,3,2,3,0,3,3,0,0,0,1.4,1.4,1.8,3.2,2.5,3.2,+1.6,+1.6,-1.8,0.15,10,0.30,0.60,5,50.0,13.3,0,10,0.30,0.60,5,50.0,13.3,0,655,822,79.7,20,36,22,12,43,10350,3456,336,379,88.7,244,298,81.9,50,81,61.7,35,30,1,2,0,2,0,1,1,0,0,0,0,0,545,2589,1278,33,12,8,33,12,605,105,605,105,545,2589,1278,33,12,8,33,12,1045,48,315,465,270,37,1045,DF,cb6d81b3
91,Álvaro Aguado,28,18,603,6.7,6,12,20,0,1,1,0,0,0,0,0.6,0.6,0.6,,0.4,1.2,-0.6,-0.6,+0.4,0.06,17,0.00,0.00,5,29.4,23.0,1,17,0.00,0.00,5,29.4,23.0,1,193,248,77.8,4,31,8,3,37,3748,1187,63,81,77.8,99,116,85.3,28,40,70.0,16,13,1,1,1,0,0,1,1,0,0,0,0,0,175,1443,753,15,10,4,9,4,189,4,189,4,175,1443,753,15,10,4,9,4,303,7,68,161,78,6,303,MF,014aa7bd
92,Lorenzo Aguado,21,3,67,0.7,1,2,12,0,0,0,0,0,0,0,0.0,0.0,0.0,,0.0,0.0,0.0,0.0,0.0,,1,0.00,,0,0.0,,0,1,0.00,,0,0.0,,0,1,1,100.0,0,0,0,0,0,34,0,0,0,,0,0,,1,1,100.0,0,0,0,0,0,0,0,0,0,0,0,0,0,0,1,2,0,0,0,0,0,1,1,0,1,0,1,2,0,0,0,0,0,1,3,0,3,0,0,0,3,DF,beae81e1
93,Sergio Aguayo,21,6,162,1.8,0,6,2,1,0,1,1,0,0,0,0.6,0.6,0.5,1.1,0.0,1.1,+0.4,+0.4,-0.5,0.09,7,0.14,0.50,2,28.6,13.3,0,7,0.14,0.50,2,28.6,13.3,0,26,38,68.4,2,2,1,0,3,346,42,19,23,82.6,4,7,57.1,2,2,100.0,4,3,0,0,0,1,0,0,0,0,0,0,0,0,38,183,60,2,1,0,6,4,52,10,52,10,38,183,60,2,1,0,6,4,65,2,5,25,37,11,65,FW,3c285ef0
94,Nayef Aguerd,28,36,2922,32.5,34,2,4,0,0,0,0,0,0,0,2.6,2.6,0.2,,0.3,2.8,-2.6,-2.6,-0.2,0.12,23,0.00,0.00,5,21.7,13.5,1,23,0.00,0.00,5,21.7,13.5,1,1725,1975,87.3,6,115,4,1,108,33635,11869,627,666,94.1,880,942,93.4,199,317,62.8,21,17,1,0,3,0,0,2,1,0,0,1,0,0,1434,8270,4877,26,24,0,11,5,1619,3,1619,3,1434,8270,4877,26,24,0,11,5,2283,198,1034,1176,76,24,2283,DF,288e1e13
95,Eduardo Águila,22,31,2701,30.0,30,1,2,0,0,0,0,0,0,0,1.1,1.1,0.1,1.2,0.3,1.2,-1.1,-1.1,-0.1,0.06,18,0.00,0.00,5,27.8,16.1,0,18,0.00,0.00,5,27.8,16.1,0,1351,1556,86.8,2,59,2,0,64,27145,9985,372,405,91.9,814,867,93.9,149,251,59.4,19,13,0,1,3,0,2,3,2,0,0,1,0,0,1028,4764,2240,14,7,3,15,10,1254,2,1254,2,1028,4764,2240,14,7,3,15,10,1857,285,1106,724,37,22,1857,DF,723496a4
96,Ruben Aguilar,31,16,1124,12.5,13,3,3,1,2,3,1,0,0,0,0.8,0.8,1.9,2.7,1.4,2.7,+0.2,+0.2,+0.1,0.07,11,0.09,0.33,3,27.3,16.0,0,11,0.09,0.33,3,27.3,16.0,0,677,843,80.3,11,44,21,6,74,9523,4115,430,487,88.3,184,238,77.3,34,54,63.0,26,24,0,0,2,0,0,5,4,0,0,1,0,0,518,2371,1309,32,21,5,19,6,612,101,612,101,518,2371,1309,32,21,5,19,6,996,27,253,430,320,30,996,DFMF,3dd738a1
97,Brandon Aguilera,21,25,1378,15.3,15,10,1,3,1,4,3,0,0,0,1.4,1.4,2.2,3.6,1.6,3.6,+1.6,+1.6,-1.2,0.06,23,0.13,0.50,6,26.1,22.4,4,23,0.13,0.50,6,26.1,22.4,4,495,683,72.5,24,74,13,4,72,9460,2776,191,234,81.6,211,258,81.8,77,141,54.6,43,26,11,3,0,2,1,3,2,1,0,0,0,0,493,2431,1202,26,19,2,39,27,551,44,551,44,493,2431,1202,26,19,2,39,27,848,13,156,454,252,18,848,MFFW,938fa024
98,Eduardo Aguirre,25,30,2195,24.4,25,5,1,8,3,11,8,0,0,0,6.7,6.7,2.3,9.0,1.4,9.0,+1.3,+1.3,+0.7,0.11,59,0.14,0.38,21,35.6,17.5,1,59,0.14,0.38,21,35.6,17.5,1,316,461,68.5,16,28,9,0,47,4586,1252,177,235,75.3,92,126,73.0,23,37,62.2,57,34,3,3,6,9,2,8,4,1,0,1,2,0,411,1884,626,19,24,3,73,54,523,113,523,113,411,1884,626,19,24,3,73,54,717,23,56,293,375,80,717,FWMF,61088de3
99,Érick Aguirre,27,15,938,10.4,13,2,9,0,2,2,0,0,0,0,0.3,0.3,1.2,1.5,1.1,1.5,-0.3,-0.3,+0.8,0.11,3,0.00,0.00,1,33.3,14.0,0,3,0.00,0.00,1,33.3,14.0,0,510,640,79.7,11,48,12,8,48,8555,3044,233,263,88.6,223,268,83.2,44,76,57.9,20,15,2,1,0,0,2,4,3,1,0,0,0,0,387,1691,769,21,13,7,10,3,453,67,453,67,387,1691,769,21,13,7,10,3,749,29,174,357,220,12,749,DF,06dddd9e
100,Gaddi Aguirre,28,22,1056,11.7,12,10,11,0,0,0,0,0,0,0,0.2,0.2,0.1,0.3,0.3,0.3,-0.2,-0.2,-0.1,0.03,8,0.00,0.00,1,12.5,18.0,0,8,0.00,0.00,1,12.5,18.0,0,424,565,75.0,1,21,2,1,26,8398,3777,159,179,88.8,203,248,81.9,57,118,48.3,8,6,1,0,1,0,0,0,0,0,0,0,0,0,311,1473,735,6,3,0,8,1,356,8,356,8,311,1473,735,6,3,0,8,1,722,94,354,303,69,10,722,DF,a566d3a2
101,Jorge Aguirre,24,31,1354,15.0,16,15,0,3,2,5,3,0,0,0,3.6,3.6,2.1,5.7,1.0,5.7,-0.6,-0.6,-0.1,0.13,28,0.11,0.43,7,25.0,16.1,0,28,0.11,0.43,7,25.0,16.1,0,209,297,70.4,12,24,6,1,23,3131,503,120,162,74.1,57,80,71.3,19,23,82.6,19,15,0,2,2,0,0,2,2,0,0,0,0,0,287,1179,275,5,10,5,64,32,369,67,369,67,287,1179,275,5,10,5,64,32,477,9,38,257,186,46,477,FW,15e09605
102,Rodrigo Aguirre,29,19,881,9.8,8,11,2,8,1,9,8,0,0,0,4.3,4.3,0.6,4.9,0.5,4.9,+3.7,+3.7,+0.4,0.12,35,0.23,0.42,19,54.3,14.7,0,35,0.23,0.42,19,54.3,14.7,0,123,185,66.5,7,14,6,0,16,1890,360,54,74,73.0,51,75,68.0,7,13,53.8,19,13,0,4,1,1,0,4,3,0,1,0,0,0,192,1136,440,15,7,8,40,20,229,51,229,51,192,1136,440,15,7,8,40,20,338,9,33,146,164,50,338,FWMF,b5691f5d
103,Jorge Agustín Rodríguez,28,29,2386,26.5,28,1,2,1,0,1,1,0,0,0,0.5,0.5,1.1,1.6,1.1,1.6,+0.5,+0.5,-1.1,0.03,17,0.06,0.50,2,11.8,24.9,0,17,0.06,0.50,2,11.8,24.9,0,1346,1555,86.6,20,175,9,1,153,25239,8469,545,605,90.1,630,688,91.6,154,216,71.3,41,37,0,0,1,1,2,2,2,0,0,0,0,0,957,3201,1322,3,12,0,13,8,1199,22,1199,22,957,3201,1322,3,12,0,13,8,1849,129,523,1145,187,15,1849,MFDF,ac30468d
104,Enock Agyei,19,3,58,0.6,0,3,9,0,0,0,0,0,0,0,0.1,0.1,0.0,,0.1,0.1,-0.1,-0.1,0.0,0.03,2,0.00,,0,0.0,19.8,0,2,0.00,,0,0.0,19.8,0,22,29,75.9,1,3,2,0,5,362,99,11,11,100.0,8,11,72.7,2,4,50.0,1,1,0,0,0,0,0,0,0,0,0,0,0,0,28,241,132,8,3,3,2,1,31,12,31,12,28,241,132,8,3,3,2,1,44,0,5,17,22,4,44,FW,a1dd3b81
105,Lawrence Agyekum,20,34,2274,25.3,26,8,1,1,0,1,1,0,0,0,1.9,1.9,1.8,3.6,2.5,3.8,-1.9,-1.9,-1.8,0.06,31,0.00,0.00,7,22.6,21.4,0,31,0.00,0.00,7,22.6,21.4,0,505,765,66.0,17,63,21,2,78,8008,2370,239,321,74.5,217,296,73.3,32,88,36.4,60,34,0,6,10,7,3,2,1,0,0,0,1,0,583,3532,1404,28,40,3,62,40,495,55,495,55,583,3532,1404,28,40,3,62,40,1138,36,172,630,358,33,1138,MF,414d77f9
106,Naouirou Ahamada,22,5,76,0.8,0,5,12,0,0,0,0,0,0,0,0.0,0.0,0.0,,0.0,0.0,0.0,0.0,0.0,0.02,1,0.00,,0,0.0,28.2,0,1,0.00,,0,0.0,28.2,0,17,22,77.3,0,2,0,0,1,266,33,8,11,72.7,9,9,100.0,0,2,0.0,2,2,0,0,0,0,0,0,0,0,0,0,0,0,16,131,55,2,1,0,1,1,17,1,17,1,16,131,55,2,1,0,1,1,31,1,12,16,3,0,31,MF,a6c58494
107,Nnamdi Ahanonu,22,3,181,2.0,2,1,3,0,0,0,0,0,0,0,0.6,0.6,0.0,0.6,0.0,0.6,-0.6,-0.6,0.0,0.10,6,0.00,0.00,2,33.3,15.0,0,6,0.00,0.00,2,33.3,15.0,0,21,24,87.5,0,2,0,0,1,266,32,11,12,91.7,6,7,85.7,1,1,100.0,0,0,0,0,0,0,0,0,0,0,0,0,0,0,31,219,61,2,5,0,2,3,38,9,38,9,31,219,61,2,5,0,2,3,47,1,8,14,26,8,47,MFFW,864cbb5a
108,Honest Ahanor,16,6,270,3.0,3,3,13,0,0,0,0,0,0,0,0.5,0.5,0.1,,0.1,0.6,-0.5,-0.5,-0.1,0.17,3,0.00,0.00,1,33.3,10.5,0,3,0.00,0.00,1,33.3,10.5,0,51,76,67.1,2,0,0,0,3,868,299,24,32,75.0,24,34,70.6,3,7,42.9,5,3,0,0,0,1,1,0,0,0,0,0,0,0,52,282,119,3,1,0,7,2,50,7,50,7,52,282,119,3,1,0,7,2,106,8,27,43,38,7,106,DF,42ff58c3
109,Erik Ahlstrand,22,6,44,0.5,0,6,16,0,0,0,0,0,0,0,0.0,0.0,0.0,0.0,0.0,0.0,0.0,0.0,0.0,,0,,,0,,,0,0,,,0,,,0,10,13,76.9,0,1,0,0,1,125,21,7,7,100.0,2,4,50.0,0,0,,0,0,0,0,0,0,0,0,0,0,0,0,0,0,12,68,26,1,2,0,3,0,14,3,14,3,12,68,26,1,2,0,3,0,22,0,2,10,10,2,22,FWMF,f6b692c0
110,Amar Ahmed,20,22,703,7.8,5,17,4,1,0,1,1,0,0,0,0.7,0.7,0.9,,1.4,1.7,+0.3,+0.3,-0.9,0.05,14,0.07,0.20,5,35.7,18.7,0,14,0.07,0.20,5,35.7,18.7,0,180,255,70.6,18,10,8,0,21,2772,843,91,105,86.7,60,87,69.0,14,33,42.4,27,15,8,3,0,1,0,0,0,0,0,0,0,0,212,1733,958,35,22,14,22,13,233,55,233,55,212,1733,958,35,22,14,22,13,367,10,59,129,186,31,367,MF,22396615
111,Isaiah Ahmed,18,1,9,0.1,0,1,12,0,0,0,0,0,0,0,0.0,0.0,0.0,0.0,0.0,0.0,0.0,0.0,0.0,,0,,,0,,,0,0,,,0,,,0,2,4,50.0,0,0,0,0,0,38,0,1,1,100.0,1,2,50.0,0,0,,0,0,0,0,0,0,0,0,0,0,0,0,0,0,3,23,12,0,0,0,0,0,3,0,3,0,3,23,12,0,0,0,0,0,5,0,2,3,0,0,5,MF,f0f32aff
112,Anel Ahmedhodžić,25,39,3226,35.8,36,3,1,3,1,4,3,0,0,0,2.3,2.3,1.3,,0.8,3.6,+0.7,+0.7,-0.3,0.19,12,0.25,0.75,4,33.3,9.3,0,12,0.25,0.75,4,33.3,9.3,0,1617,1802,89.7,13,91,9,2,88,28771,8771,623,660,94.4,865,919,94.1,103,180,57.2,23,19,0,1,2,0,1,0,0,0,0,0,0,0,1254,7678,4774,39,24,2,22,12,1443,8,1443,8,1254,7678,4774,39,24,2,22,12,2161,214,1086,988,103,24,2161,DF,eab957a3
113,Jean-Eudes Aholou,30,29,2033,22.6,27,2,2,2,0,2,2,0,0,0,1.8,1.8,1.0,,0.7,2.8,+0.2,+0.2,-1.0,0.07,27,0.07,0.29,7,25.9,18.2,0,27,0.07,0.29,7,25.9,18.2,0,644,764,84.3,10,46,7,0,68,10183,2687,320,361,88.6,287,322,89.1,21,47,44.7,33,21,0,2,4,3,3,1,0,0,0,0,1,0,495,2116,987,15,8,2,32,15,615,16,615,16,495,2116,987,15,8,2,32,15,1032,45,259,615,167,34,1032,MF,48b28bfd
114,Matheus Aiás,27,6,337,3.7,4,2,0,4,0,4,4,0,0,0,2.4,2.4,0.5,2.9,0.3,2.9,+1.6,+1.6,-0.5,0.17,14,0.29,0.44,9,64.3,14.7,0,14,0.29,0.44,9,64.3,14.7,0,67,92,72.8,8,2,3,0,9,1133,155,32,40,80.0,21,28,75.0,9,11,81.8,13,11,0,1,0,0,1,1,0,0,1,0,0,0,74,379,179,6,5,2,11,8,101,22,101,22,74,379,179,6,5,2,11,8,141,5,13,63,69,25,141,FW,3ac4ee49
115,Joseph Aidoo,28,11,744,8.3,8,3,14,0,0,0,0,0,0,0,0.0,0.0,0.0,0.0,0.1,0.0,0.0,0.0,0.0,0.04,2,0.00,,0,0.0,10.3,0,2,0.00,,0,0.0,10.3,0,343,385,89.1,0,9,2,0,15,7170,2599,81,88,92.0,220,231,95.2,41,63,65.1,1,1,0,0,0,0,0,0,0,0,0,0,0,0,266,1257,686,1,0,0,0,2,326,0,326,0,266,1257,686,1,0,0,0,2,439,61,269,172,2,1,439,DF,18abe173
116,Ayman Aiki,19,12,334,3.7,2,10,6,0,0,0,0,0,0,0,0.1,0.1,0.0,,0.0,0.1,-0.1,-0.1,0.0,0.03,7,0.00,0.00,2,28.6,23.5,0,7,0.00,0.00,2,28.6,23.5,0,17,29,58.6,1,2,1,0,5,234,93,12,17,70.6,4,7,57.1,1,3,33.3,1,1,0,0,0,0,0,0,0,0,0,0,0,0,33,169,95,4,2,1,5,7,37,8,37,8,33,169,95,4,2,1,5,7,48,1,10,20,19,2,48,FW,8399c416
117,Makan Aiko,23,22,1179,13.1,13,9,0,1,0,1,1,0,0,0,4.0,4.0,0.9,4.9,1.0,4.9,-3.0,-3.0,-0.9,0.17,24,0.04,0.17,6,25.0,13.6,0,24,0.04,0.17,6,25.0,13.6,0,92,153,60.1,9,5,1,0,6,1117,178,63,88,71.6,18,40,45.0,3,6,50.0,22,13,0,0,2,7,0,2,0,0,0,1,1,0,182,1148,547,22,11,12,41,16,196,59,196,59,182,1148,547,22,11,12,41,16,299,6,26,120,158,47,299,FW,ebb157c8
118,Ola Aina,27,37,3235,35.9,37,0,0,2,1,3,2,0,0,0,0.6,0.6,1.4,,2.2,2.1,+1.4,+1.4,-0.4,0.06,13,0.15,1.00,2,15.4,26.1,0,13,0.15,1.00,2,15.4,26.1,0,994,1352,73.5,16,85,23,11,107,15371,6297,530,598,88.6,374,502,74.5,57,166,34.3,62,49,5,3,1,3,1,4,3,0,0,0,0,1,749,4798,2787,67,46,10,44,22,823,67,823,67,749,4798,2787,67,46,10,44,22,1708,156,613,717,409,22,1708,DF,246d153b
119,Rayan Aït-Nouri,23,41,3387,37.6,40,1,0,5,7,12,5,0,0,0,2.7,2.7,5.5,8.2,4.0,8.2,+1.3,+1.3,+1.5,0.08,38,0.13,0.42,12,31.6,14.9,0,38,0.13,0.42,12,31.6,14.9,0,1449,1721,84.2,46,77,30,10,108,19837,5926,897,959,93.5,435,499,87.2,48,118,40.7,91,56,15,8,7,4,1,12,10,1,0,0,0,1,1129,6166,3205,89,62,28,52,47,1321,176,1321,176,1129,6166,3205,89,62,28,52,47,2148,96,577,916,685,96,2148,DF,9b398aea
120,Emanuel Aiwum,23,33,2772,30.8,31,2,4,1,0,1,1,0,0,0,0.0,0.0,0.0,0.0,0.0,0.0,0.0,0.0,0.0,0.01,13,0.08,0.20,5,38.5,15.5,0,13,0.08,0.20,5,38.5,15.5,0,173,208,83.2,0,6,0,0,8,3230,1176,63,69,91.3,95,102,93.1,12,30,40.0,1,1,0,0,0,0,0,0,0,0,0,0,0,0,161,562,225,0,0,0,2,0,164,1,164,1,161,562,225,0,0,0,2,0,281,49,195,81,6,1,281,DF,d810c13b
121,Junior Ajayi,19,2,13,0.1,0,2,25,0,0,0,0,0,0,0,0.0,0.0,0.0,,0.0,0.0,0.0,0.0,0.0,,0,,,0,,,0,0,,,0,,,0,4,4,100.0,0,0,0,0,1,74,18,1,1,100.0,3,3,100.0,0,0,,0,0,0,0,0,0,0,0,0,0,0,0,0,0,5,25,7,0,0,0,1,0,5,0,5,0,5,25,7,0,0,0,1,0,5,0,0,3,2,0,5,FW,cab600a8
122,Oyindamola Ajayi,18,1,10,0.1,0,1,11,1,0,1,1,0,0,0,0.1,0.1,0.0,,0.0,0.1,+0.9,+0.9,0.0,0.12,1,1.00,1.00,1,100.0,17.7,0,1,1.00,1.00,1,100.0,17.7,0,5,5,100.0,1,0,1,0,2,61,15,4,4,100.0,1,1,100.0,0,0,,2,2,0,0,0,0,0,1,1,0,0,0,0,0,4,28,16,1,0,1,0,0,5,1,5,1,4,28,16,1,0,1,0,0,6,0,1,1,4,1,6,FW,d3a6f5a3
123,Semi Ajayi,30,15,1228,13.6,14,1,2,0,0,0,0,0,0,0,0.4,0.4,0.0,0.5,0.1,0.5,-0.4,-0.4,0.0,0.09,5,0.00,0.00,1,20.0,9.8,0,5,0.00,0.00,1,20.0,9.8,0,707,822,86.0,1,62,1,0,51,14332,4612,195,223,87.4,432,463,93.3,76,118,64.4,11,10,0,0,1,0,0,0,0,0,0,0,0,0,545,2679,1669,9,12,0,5,4,665,1,665,1,545,2679,1669,9,12,0,5,4,925,75,455,437,37,9,925,DF,d6192210
124,Kristoffer Ajer,26,25,1528,17.0,18,7,2,0,0,0,0,0,0,0,1.0,1.0,1.2,,0.5,2.2,-1.0,-1.0,-1.2,0.11,9,0.00,0.00,3,33.3,9.5,0,9,0.00,0.00,3,33.3,9.5,0,504,644,78.3,8,44,7,4,56,7868,2831,260,299,87.0,199,248,80.2,27,54,50.0,18,15,0,1,2,0,0,2,2,0,0,0,0,0,387,2098,1180,27,11,2,15,12,491,44,491,44,387,2098,1180,27,11,2,15,12,795,53,265,368,168,38,795,MF,a8c0acb7
125,Ludovic Ajorque,30,43,3355,37.3,39,4,1,14,4,18,14,0,1,1,11.1,10.3,5.2,,3.6,15.5,+1.9,+2.7,-1.2,0.16,71,0.20,0.45,31,43.7,12.8,0,71,0.20,0.45,31,43.7,12.8,0,579,834,69.4,49,37,17,2,51,8832,1293,318,445,71.5,186,250,74.4,46,59,78.0,83,68,0,4,6,3,2,10,5,0,1,3,1,0,487,1592,532,13,12,4,69,13,807,159,807,159,487,1592,532,13,12,4,69,13,1123,35,91,539,498,158,1122,FW,462475ed
126,Manuel Akanji,29,37,2883,32.0,33,4,6,0,1,1,0,0,0,0,1.8,1.8,1.0,,2.2,2.8,-1.8,-1.8,0.0,0.10,20,0.00,0.00,2,10.0,13.7,0,20,0.00,0.00,2,10.0,13.7,0,2246,2392,93.9,13,251,14,2,227,37048,10749,1076,1125,95.6,1048,1096,95.6,103,140,73.6,50,49,0,1,0,0,0,5,5,0,0,0,0,0,1728,9741,6039,62,90,1,8,5,2021,9,2021,9,1728,9741,6039,62,90,1,8,5,2578,146,715,1337,530,27,2578,DF,89ac64a6
127,Samet Akaydın,30,21,1510,16.8,19,2,9,2,0,2,2,0,0,0,0.0,0.0,0.1,0.1,0.0,0.1,0.0,0.0,-0.1,,9,0.22,0.50,4,44.4,,0,9,0.22,0.50,4,44.4,,0,71,83,85.5,1,2,0,0,4,1275,331,25,27,92.6,44,48,91.7,2,6,33.3,1,1,0,0,0,0,0,0,0,0,0,0,0,0,62,253,130,0,0,0,1,0,62,0,62,0,62,253,130,0,0,0,1,0,101,9,58,43,1,0,101,DF,7328bee5
128,Yusuf Akçiçek,18,16,944,10.5,11,5,18,1,1,2,1,0,0,0,0.6,0.6,0.4,1.0,0.1,1.0,+0.4,+0.4,+0.6,0.11,5,0.20,0.33,3,60.0,10.9,0,5,0.20,0.33,3,60.0,10.9,0,249,294,84.7,1,23,1,0,28,4523,1955,106,112,94.6,122,136,89.7,19,37,51.4,5,3,0,0,2,0,0,1,0,0,0,1,0,0,205,840,414,2,2,0,2,3,232,2,232,2,205,840,414,2,2,0,2,3,354,31,156,184,17,4,354,DF,879aca3f
129,Ümit Akdag,20,12,694,7.7,9,3,24,0,0,0,0,0,0,0,0.1,0.1,0.1,,0.1,0.1,-0.1,-0.1,-0.1,0.04,3,0.00,,0,0.0,24.3,0,3,0.00,,0,0.0,24.3,0,274,348,78.7,2,18,1,0,29,4648,1667,122,144,84.7,137,152,90.1,13,39,33.3,5,5,0,0,0,0,0,0,0,0,0,0,0,0,217,947,452,4,3,0,1,0,240,9,240,9,217,947,452,4,3,0,1,0,400,29,145,232,27,1,400,DF,d746900e
130,Arnaud Ake,26,5,234,2.6,3,2,6,0,0,0,0,0,0,0,0.1,0.1,0.2,0.3,0.2,0.3,-0.1,-0.1,-0.2,0.14,1,0.00,,0,0.0,10.4,0,1,0.00,,0,0.0,10.4,0,35,51,68.6,4,1,1,0,3,485,44,19,22,86.4,11,18,61.1,2,3,66.7,4,4,0,0,0,0,0,0,0,0,0,0,0,0,43,225,80,4,3,3,14,4,59,21,59,21,43,225,80,4,3,3,14,4,76,1,3,38,38,6,76,FW,3402bb17
131,Nathan Aké,29,18,1126,12.5,14,4,10,0,0,0,0,0,0,0,0.6,0.6,0.0,,0.3,0.6,-0.6,-0.6,0.0,0.11,6,0.00,0.00,1,16.7,9.0,0,6,0.00,0.00,1,16.7,9.0,0,746,790,94.4,2,57,1,0,66,12065,4019,364,373,97.6,352,362,97.2,26,42,61.9,10,10,0,0,0,0,0,0,0,0,0,0,0,0,592,3152,1980,14,17,1,5,3,672,4,672,4,592,3152,1980,14,17,1,5,3,862,71,273,471,119,8,862,DF,eaeca114
132,Yunus Akgün,24,38,2769,30.8,33,5,0,12,10,22,12,0,0,0,2.4,2.4,1.2,3.6,1.3,3.6,+2.6,+2.6,+8.8,0.11,73,0.16,0.39,31,42.5,18.9,0,73,0.16,0.39,31,42.5,18.9,0,226,290,77.9,16,14,14,3,33,3183,826,140,168,83.3,71,89,79.8,10,16,62.5,33,29,0,3,1,0,0,5,4,0,1,0,0,0,237,1211,596,20,24,5,8,11,264,58,264,58,237,1211,596,20,24,5,8,11,371,7,50,145,182,28,371,DFFW,1453e3cf
133,Ilias Akhomach,20,12,612,6.8,7,5,1,1,0,1,1,0,0,0,0.6,0.6,1.0,,1.7,1.6,+0.4,+0.4,-1.0,0.03,17,0.06,0.17,6,35.3,23.3,0,17,0.06,0.17,6,35.3,23.3,0,136,185,73.5,9,5,8,2,12,2161,534,76,88,86.4,46,63,73.0,8,14,57.1,29,17,0,5,1,6,0,1,0,0,0,0,1,0,200,1310,759,30,18,20,15,10,209,64,209,64,200,1310,759,30,18,20,15,10,293,8,44,89,163,29,293,MF,b8bd60fe
134,Sergio Akieme,26,37,3052,33.9,34,3,0,2,4,6,2,0,0,0,1.5,1.5,2.5,4.0,2.5,4.0,+0.5,+0.5,+1.5,0.06,29,0.07,0.25,8,27.6,20.1,1,29,0.07,0.25,8,27.6,20.1,1,929,1147,81.0,21,42,20,12,86,13641,4062,527,575,91.7,338,403,83.9,35,108,32.4,37,29,4,0,2,2,0,3,3,0,0,0,0,0,710,4339,2357,55,36,5,31,19,817,97,817,97,710,4339,2357,55,36,5,31,19,1436,100,524,548,377,34,1436,DF,06efa9dc
135,Takahiro Akimoto,26,25,2027,22.5,23,2,0,0,0,0,0,0,0,0,0.7,0.7,1.1,1.8,0.6,1.8,-0.7,-0.7,-1.1,0.05,15,0.00,0.00,2,13.3,12.8,0,15,0.00,0.00,2,13.3,12.8,0,797,989,80.6,19,44,8,3,58,13623,4690,328,371,88.4,394,481,81.9,49,91,53.8,33,28,3,0,1,0,1,0,0,0,0,0,0,0,723,4127,1925,22,16,4,24,7,657,48,657,48,723,4127,1925,22,16,4,24,7,1269,115,533,547,205,35,1269,DF,003d8899
136,Ebenezer Akinsanmiro,19,38,1744,19.4,17,21,1,1,1,2,1,0,0,0,1.6,1.6,2.7,,2.5,4.3,-0.6,-0.6,-1.7,0.07,23,0.04,0.14,7,30.4,20.6,0,23,0.04,0.14,7,30.4,20.6,0,444,584,76.0,28,58,21,2,97,7084,2419,231,283,81.6,169,208,81.3,28,50,56.0,79,60,1,5,4,7,2,2,2,0,0,0,0,0,471,3001,1626,44,31,13,41,41,528,81,528,81,471,3001,1626,44,31,13,41,41,825,16,114,409,325,49,825,MF,3ad34015
137,Babatunde Akinsola,21,32,1331,14.8,13,19,1,5,1,6,5,0,0,0,2.9,2.9,0.8,3.6,1.2,3.6,-0.9,-0.9,+0.2,0.10,28,0.07,0.33,6,21.4,18.2,0,28,0.07,0.33,6,21.4,18.2,0,209,309,67.6,11,19,11,2,33,3066,915,113,142,79.6,73,98,74.5,10,34,29.4,33,23,2,4,1,3,0,5,4,0,0,0,1,0,303,2284,1004,43,38,7,50,21,312,88,312,88,303,2284,1004,43,38,7,50,21,518,14,78,204,252,31,518,MFFW,733aab44
138,Maghnes Akliouche,22,43,3296,36.6,38,5,1,7,12,19,6,1,1,0,10.7,9.9,9.4,,9.2,19.3,-3.7,-3.9,+2.6,0.12,84,0.07,0.23,26,31.0,16.6,3,84,0.07,0.23,26,31.0,16.6,3,1286,1591,80.8,62,125,73,6,220,18546,5439,776,866,89.6,390,476,81.9,76,124,61.3,158,111,6,16,9,12,4,23,18,1,2,2,0,0,1259,8536,4908,164,129,57,99,61,1502,277,1502,277,1259,8536,4908,164,129,57,99,61,2059,29,188,869,1030,190,2058,MF,b625b241
139,Ali Akman,22,4,44,0.5,0,4,17,1,0,1,1,0,0,0,0.1,0.1,0.0,0.1,0.0,0.1,+0.9,+0.9,0.0,0.08,1,1.00,1.00,1,100.0,2.3,0,1,1.00,1.00,1,100.0,2.3,0,16,23,69.6,0,2,0,0,3,235,80,8,9,88.9,7,9,77.8,0,3,0.0,1,1,0,0,0,0,0,1,1,0,0,0,0,0,15,67,14,0,0,0,1,0,13,3,13,3,15,67,14,0,0,0,1,0,31,0,6,17,8,3,31,FWMF,d9a0abd6
140,Efe Akman,18,7,29,0.3,0,7,24,0,0,0,0,0,0,0,0.0,0.0,0.0,0.0,0.0,0.0,0.0,0.0,0.0,,1,0.00,0.00,1,100.0,,0,1,0.00,0.00,1,100.0,,0,7,7,100.0,0,1,0,0,2,151,14,3,3,100.0,2,2,100.0,2,2,100.0,0,0,0,0,0,0,0,0,0,0,0,0,0,0,6,22,9,0,1,0,1,1,5,0,5,0,6,22,9,0,1,0,1,1,12,2,2,8,2,0,12,MFDF,6b665cf6
141,Chadrac Akolo,29,37,1875,20.8,21,16,2,6,4,10,6,0,1,1,0.9,0.9,0.3,1.2,0.1,1.2,-0.9,-0.9,+3.7,0.10,63,0.10,0.18,34,54.0,16.8,1,63,0.10,0.18,34,54.0,16.8,1,53,70,75.7,4,6,4,0,7,763,182,32,43,74.4,16,19,84.2,3,3,100.0,6,3,0,1,2,0,0,0,0,0,0,0,0,0,54,210,58,0,0,2,6,6,72,19,72,19,54,210,58,0,0,2,6,6,101,0,4,44,54,15,101,FW,debc2f28
142,Paul Akouokou,26,5,124,1.4,2,3,11,0,0,0,0,0,0,0,0.2,0.2,0.0,0.0,0.0,0.2,-0.2,-0.2,0.0,0.09,2,0.00,0.00,2,100.0,17.1,0,2,0.00,0.00,2,100.0,17.1,0,75,84,89.3,0,1,0,0,3,1209,265,37,41,90.2,30,32,93.8,6,7,85.7,1,0,0,0,1,0,0,0,0,0,0,0,0,0,67,184,50,0,1,0,1,0,74,0,74,0,67,184,50,0,1,0,1,0,105,10,39,54,12,1,105,MF,31f5b89b
143,Clément Akpa,22,32,2576,28.6,30,2,1,0,1,1,0,0,0,0,0.3,0.3,0.9,,0.9,1.2,-0.3,-0.3,+0.1,0.05,6,0.00,0.00,1,16.7,15.1,0,6,0.00,0.00,1,16.7,15.1,0,998,1209,82.5,8,74,10,5,74,19673,7381,366,407,89.9,495,549,90.2,123,215,57.2,22,15,3,0,0,2,2,4,2,0,0,0,2,0,895,4510,2340,27,20,1,9,4,929,24,929,24,895,4510,2340,27,20,1,9,4,1532,171,797,636,117,10,1532,DF,0abb5072
144,Jean-Daniel Akpa-Akpro,31,14,966,10.7,12,2,1,0,0,0,0,0,0,0,0.3,0.3,0.2,,0.2,0.6,-0.3,-0.3,-0.2,0.08,4,0.00,0.00,2,50.0,18.0,0,4,0.00,0.00,2,50.0,18.0,0,275,346,79.5,3,19,2,1,19,4054,1322,156,172,90.7,96,117,82.1,13,19,68.4,12,8,0,1,1,1,1,1,0,0,0,0,0,1,306,1832,818,21,15,2,24,2,290,22,290,22,306,1832,818,21,15,2,24,2,505,29,157,258,99,7,505,DFMF,fdf4b948
145,David Akpan Ankeye,22,13,249,2.8,1,12,14,0,0,0,0,0,0,0,0.0,0.0,0.0,,0.0,0.0,0.0,0.0,0.0,,5,0.00,0.00,2,40.0,,0,5,0.00,0.00,2,40.0,,0,6,7,85.7,0,0,1,0,1,53,28,3,4,75.0,1,1,100.0,0,0,,1,0,0,0,0,1,0,1,0,0,0,0,1,0,6,54,8,0,1,0,0,2,10,3,10,3,6,54,8,0,1,0,0,2,9,1,2,3,4,0,9,FW,8c4b95af
146,Kevin Akpoguma,29,42,3070,34.1,32,10,3,0,0,0,0,0,0,0,0.1,0.1,0.3,,0.7,0.4,-0.1,-0.1,-0.3,0.02,6,0.00,0.00,1,16.7,31.0,0,6,0.00,0.00,1,16.7,31.0,0,1568,1786,87.8,8,139,10,0,121,27848,9828,618,655,94.4,795,866,91.8,115,202,56.9,33,31,1,0,0,1,0,1,1,0,0,0,0,0,1127,5118,2404,20,20,0,16,10,1355,20,1355,20,1127,5118,2404,20,20,0,16,10,2193,278,969,1102,138,7,2193,DF,6ec6fde0
147,Chuba Akpom,28,40,1861,20.7,16,24,4,7,2,9,6,1,2,1,9.2,7.6,1.3,0.2,1.5,8.9,-2.2,-1.6,+0.7,0.16,49,0.12,0.26,23,46.9,12.6,0,49,0.12,0.26,23,46.9,12.6,0,324,437,74.1,12,14,12,0,32,4153,615,202,252,80.2,84,112,75.0,10,17,58.8,48,27,0,5,10,6,0,7,4,0,0,2,1,0,414,2462,1054,43,27,21,43,20,512,156,512,156,414,2462,1054,43,27,21,43,20,651,20,59,264,338,111,649,FW,e2b384d2
148,Kerem Aktürkoğlu,25,45,3023,33.6,38,7,0,17,11,28,17,0,0,0,13.6,13.6,8.9,5.5,6.5,22.5,+1.4,+1.4,+2.1,0.16,90,0.19,0.40,42,46.7,16.8,2,90,0.19,0.40,42,46.7,16.8,2,634,922,68.8,57,42,39,12,82,9483,2590,361,446,80.9,188,267,70.4,46,93,49.5,102,67,9,8,9,6,3,19,14,0,3,1,1,0,813,4227,2120,80,60,31,84,35,878,248,878,248,813,4227,2120,80,60,31,84,35,1325,10,150,491,711,166,1325,FW,f28659fb
149,Hamdi Akujobi,24,28,2344,26.0,27,1,0,1,1,2,1,0,0,0,0.7,0.7,1.7,2.4,2.1,2.4,+0.3,+0.3,-0.7,0.04,15,0.07,0.20,5,33.3,21.3,0,15,0.07,0.20,5,33.3,21.3,0,761,1058,71.9,18,57,29,12,89,13394,5021,347,392,88.5,319,445,71.7,77,178,43.3,42,35,3,1,1,2,0,4,4,0,0,0,0,0,606,3695,1916,50,50,7,31,11,601,85,601,85,606,3695,1916,50,50,7,31,11,1350,115,443,560,360,24,1350,DF,0b524c25
150,David Alaba,32,14,601,6.7,7,7,10,0,0,0,0,0,0,0,0.0,0.0,0.1,0.0,0.2,0.1,0.0,0.0,-0.1,,0,,,0,,,0,0,,,0,,,0,310,344,90.1,2,18,1,0,12,5049,2042,148,151,98.0,136,141,96.5,18,41,43.9,5,4,1,0,0,0,0,0,0,0,0,0,0,0,259,1169,578,3,1,0,1,0,290,10,290,10,259,1169,578,3,1,0,1,0,375,51,194,147,35,4,375,DF,05439de2
151,Léo Alaba,25,4,334,3.7,4,0,5,0,0,0,0,0,0,0,0.1,0.1,0.0,0.1,0.1,0.1,-0.1,-0.1,0.0,0.03,3,0.00,,0,0.0,23.5,0,3,0.00,,0,0.0,23.5,0,126,189,66.7,0,6,1,0,12,2430,1012,37,45,82.2,71,102,69.6,15,31,48.4,7,4,3,0,0,0,0,2,1,1,0,0,0,0,103,498,259,2,3,0,10,4,115,20,115,20,103,498,259,2,3,0,10,4,243,13,81,97,68,1,243,DF,963e39b7
152,Alan,24,31,2513,27.9,31,0,0,7,6,13,2,5,5,0,6.1,2.1,4.1,10.2,3.9,6.3,+0.9,-0.1,+1.9,0.06,38,0.05,0.13,15,39.5,25.8,4,38,0.05,0.13,15,39.5,25.8,4,995,1237,80.4,66,109,29,2,164,15454,4933,507,560,90.5,352,410,85.9,74,148,50.0,117,84,20,7,3,2,1,13,8,4,1,0,0,0,905,4409,2235,47,48,3,57,47,1093,99,1093,99,905,4409,2235,47,48,3,57,47,1457,6,157,852,469,44,1452,MF,b35de685
153,Ibrahim Alani,18,3,160,1.8,1,2,0,0,0,0,0,0,0,0,0.0,0.0,0.0,0.0,0.0,0.0,0.0,0.0,0.0,0.02,1,0.00,,0,0.0,30.2,0,1,0.00,,0,0.0,30.2,0,71,85,83.5,0,7,0,0,5,1385,298,23,25,92.0,37,39,94.9,8,15,53.3,0,0,0,0,0,0,0,0,0,0,0,0,0,0,54,305,130,2,0,0,1,2,65,1,65,1,54,305,130,2,0,0,1,2,113,8,36,74,4,0,113,MF,36fd9c52
154,Andreas Albers,34,15,66,0.7,0,15,4,1,0,1,1,0,0,0,0.6,0.6,0.1,0.7,0.1,0.7,+0.4,+0.4,-0.1,0.20,3,0.33,1.00,1,33.3,11.9,0,3,0.33,1.00,1,33.3,11.9,0,15,29,51.7,2,1,0,0,3,233,47,10,18,55.6,4,6,66.7,1,2,50.0,2,2,0,0,0,0,0,0,0,0,0,0,0,0,24,129,18,1,0,0,4,6,40,6,40,6,24,129,18,1,0,0,4,6,44,0,2,17,26,8,44,FW,94471fb7
155,Thomas Alberti,26,1,9,0.1,0,1,3,0,0,0,0,0,0,0,0.1,0.1,0.0,0.1,0.0,0.1,-0.1,-0.1,0.0,0.06,1,0.00,0.00,1,100.0,14.5,0,1,0.00,0.00,1,100.0,14.5,0,2,3,66.7,0,0,1,0,1,41,22,0,0,,2,3,66.7,0,0,,0,0,0,0,0,0,0,0,0,0,0,0,0,0,3,10,0,0,0,0,2,1,5,1,5,1,3,10,0,0,0,0,2,1,6,0,0,4,2,1,6,FW,43de4047
156,Jesús Alberto Angulo,26,31,2366,26.3,26,5,0,0,4,4,0,0,0,0,0.2,0.2,1.4,1.6,2.2,1.6,-0.2,-0.2,+2.6,0.02,8,0.00,0.00,3,37.5,28.9,0,8,0.00,0.00,3,37.5,28.9,0,1278,1571,81.3,22,122,17,9,127,23777,9423,515,557,92.5,611,713,85.7,134,248,54.0,51,48,1,1,1,0,0,7,6,0,1,0,0,0,977,4307,2242,27,24,3,19,11,1117,27,1117,27,977,4307,2242,27,24,3,19,11,1852,119,683,956,234,9,1852,DF,2a8638ec
157,Raúl Albiol,38,16,1202,13.4,14,2,14,0,0,0,0,0,0,0,0.1,0.1,0.0,0.1,0.1,0.1,-0.1,-0.1,0.0,0.05,2,0.00,,0,0.0,9.6,0,2,0.00,,0,0.0,9.6,0,727,813,89.4,0,26,1,0,34,14582,6006,213,225,94.7,433,463,93.5,76,115,66.1,5,4,0,0,1,0,0,3,3,0,0,0,0,0,514,2346,1226,3,1,0,3,1,652,0,652,0,514,2346,1226,3,1,0,3,1,915,157,533,369,14,3,915,DF,4bd414c1
158,Jesús Alcantar,21,10,611,6.8,7,3,18,0,0,0,0,0,0,0,0.1,0.1,0.0,0.2,0.0,0.2,-0.1,-0.1,0.0,0.03,4,0.00,,0,0.0,17.6,0,4,0.00,,0,0.0,17.6,0,195,240,81.3,1,14,0,0,17,3735,1604,67,71,94.4,103,120,85.8,22,44,50.0,3,2,1,0,0,0,0,0,0,0,0,0,0,0,134,651,377,6,2,0,5,1,159,1,159,1,134,651,377,6,2,0,5,1,333,47,184,139,12,5,333,DF,f1ff14eb
159,Carlos Alcaraz,21,17,800,8.9,7,10,0,2,3,5,2,0,0,0,1.8,1.8,1.7,,0.7,3.5,+0.2,+0.2,+1.3,0.07,29,0.07,0.17,12,41.4,19.9,1,29,0.07,0.17,12,41.4,19.9,1,237,291,81.4,14,24,19,4,48,4184,1073,103,119,86.6,99,111,89.2,26,39,66.7,34,25,2,3,3,1,0,6,5,0,0,1,0,0,223,1443,805,23,22,2,14,13,259,22,259,22,223,1443,805,23,22,2,14,13,395,15,64,176,165,21,395,FWMF,4abac767
160,Jordy Alcivar,24,10,395,4.4,5,5,4,0,0,0,0,0,0,0,0.5,0.5,0.2,0.7,0.2,0.7,-0.5,-0.5,-0.2,0.10,5,0.00,0.00,3,60.0,29.2,3,5,0.00,0.00,3,60.0,29.2,3,138,184,75.0,6,12,2,0,17,2862,874,50,67,74.6,61,74,82.4,25,35,71.4,12,7,2,0,2,0,1,1,1,0,0,0,0,0,128,639,298,5,4,0,10,5,131,7,131,7,128,639,298,5,4,0,10,5,233,6,54,144,39,2,233,MFFW,6e98c19f
161,Josimar Alcocer,20,24,1309,14.5,12,12,1,1,0,1,1,0,0,0,2.5,2.5,0.9,3.4,1.3,3.4,-1.5,-1.5,-0.9,0.10,25,0.04,0.08,12,48.0,17.4,0,25,0.04,0.08,12,48.0,17.4,0,305,394,77.4,12,20,7,0,37,5022,973,141,173,81.5,115,145,79.3,29,43,67.4,45,32,0,5,7,1,0,2,0,0,0,2,0,0,413,3188,1359,37,24,19,29,26,378,96,378,96,413,3188,1359,37,24,19,29,26,621,35,153,235,243,56,621,FWMF,757f7081
162,Omar Alderete,27,36,3066,34.1,35,1,3,1,0,1,1,0,0,0,1.7,1.7,0.9,2.6,0.9,2.6,-0.7,-0.7,-0.9,0.04,40,0.03,0.10,10,25.0,21.9,7,40,0.03,0.10,10,25.0,21.9,7,724,1106,65.5,11,132,15,2,112,16992,7859,191,235,81.3,367,464,79.1,163,366,44.5,37,28,1,1,5,1,1,4,2,0,0,1,1,0,633,4014,2546,25,20,2,30,9,658,7,658,7,633,4014,2546,25,20,2,30,9,1585,192,681,796,122,39,1585,DF,bb08bce9
163,Gerald Alders,19,25,1783,19.8,20,5,8,0,1,1,0,0,0,0,0.0,0.0,0.0,,0.0,0.0,0.0,0.0,+1.0,,4,0.00,,0,0.0,,0,4,0.00,,0,0.0,,0,15,20,75.0,0,1,0,0,1,224,29,8,10,80.0,7,9,77.8,0,1,0.0,0,0,0,0,0,0,0,0,0,0,0,0,0,0,11,25,7,0,0,0,0,0,11,1,11,1,11,25,7,0,0,0,0,0,26,4,11,13,2,0,26,DF,04d6cc51
164,Toby Alderweireld,35,27,2425,26.9,27,0,0,3,2,5,3,0,0,0,1.8,1.8,1.7,3.5,1.2,3.5,+1.2,+1.2,+0.3,0.07,27,0.11,0.38,8,29.6,12.7,1,27,0.11,0.38,8,29.6,12.7,1,1402,1698,82.6,7,101,6,1,90,32415,12466,282,333,84.7,834,898,92.9,278,447,62.2,24,18,1,0,3,1,1,4,3,0,0,0,1,0,1423,6864,3094,6,4,1,14,6,1356,11,1356,11,1423,6864,3094,6,4,1,14,6,1965,249,969,926,78,36,1965,DF,f7d50789
165,Ryan Alebiosu,22,26,1600,17.8,20,6,6,0,3,3,0,0,0,0,0.1,0.1,0.8,1.0,1.3,1.0,-0.1,-0.1,+2.2,0.03,11,0.00,0.00,3,27.3,18.8,0,11,0.00,0.00,3,27.3,18.8,0,159,225,70.7,7,12,11,3,15,2356,734,88,104,84.6,55,84,65.5,7,17,41.2,10,9,1,0,0,0,0,2,2,0,0,0,0,0,192,1575,700,27,14,7,11,6,181,42,181,42,192,1575,700,27,14,7,11,6,300,15,63,117,122,15,300,DF,ce048fb8
166,Iván Alejo,29,22,1037,11.5,11,11,0,0,2,2,0,0,0,0,0.0,0.0,0.0,,0.0,0.0,0.0,0.0,+2.0,,10,0.00,0.00,1,10.0,,0,10,0.00,0.00,1,10.0,,0,11,19,57.9,1,2,1,1,3,254,109,5,8,62.5,3,4,75.0,3,5,60.0,1,0,1,0,0,0,0,0,0,0,0,0,0,0,15,70,33,1,0,0,0,0,15,5,15,5,15,70,33,1,0,0,0,0,20,0,2,9,9,0,20,MF,3d7e48ce
167,Milan Aleksić,18,14,791,8.8,8,6,34,1,1,2,1,0,0,0,0.8,0.8,0.3,1.1,0.3,1.1,-0.8,-0.8,+0.7,0.13,18,0.00,0.00,7,38.9,19.6,0,18,0.00,0.00,7,38.9,19.6,0,69,106,65.1,3,5,3,2,6,1159,210,34,45,75.6,23,33,69.7,7,12,58.3,7,7,0,0,0,0,0,0,0,0,0,0,0,0,93,654,340,11,6,3,12,2,106,29,106,29,93,654,340,11,6,3,12,2,158,3,24,62,75,11,158,MFFW,c79f7793
168,Isak Alemayehu Mulugeta,17,4,107,1.2,0,4,2,1,0,1,1,0,0,0,0.2,0.2,0.1,0.3,0.0,0.3,+0.8,+0.8,-0.1,0.23,1,1.00,1.00,1,100.0,5.3,0,1,1.00,1.00,1,100.0,5.3,0,56,66,84.8,2,3,0,0,2,658,105,36,40,90.0,12,14,85.7,1,2,50.0,3,2,0,0,0,1,0,0,0,0,0,0,0,0,57,267,59,1,3,0,1,2,59,4,59,4,57,267,59,1,3,0,1,2,89,2,11,48,31,3,89,FWMF,d339c444
169,Carles Aleñá,26,25,1600,17.8,18,7,9,0,2,2,0,0,0,0,1.6,1.6,1.4,,1.4,3.0,-1.6,-1.6,+0.6,0.08,21,0.00,0.00,5,23.8,18.3,1,21,0.00,0.00,5,23.8,18.3,1,452,589,76.7,22,44,17,3,70,6889,1799,241,276,87.3,160,199,80.4,31,59,52.5,52,34,7,3,3,5,0,4,2,1,0,0,1,0,418,1855,840,21,27,3,26,20,507,53,507,53,418,1855,840,21,27,3,26,20,753,7,89,374,299,32,753,MF,6c811eb7
170,Ajibola Alese,23,13,762,8.5,9,4,2,0,0,0,0,0,0,0,0.5,0.5,0.5,1.0,0.3,1.0,-0.5,-0.5,-0.5,0.15,3,0.00,0.00,1,33.3,8.3,0,3,0.00,0.00,1,33.3,8.3,0,279,350,79.7,3,20,6,2,29,5056,1604,113,125,90.4,132,153,86.3,28,55,50.9,7,5,1,0,1,0,0,0,0,0,0,0,0,0,194,732,421,3,4,2,5,4,234,19,234,19,194,732,421,3,4,2,5,4,432,46,186,171,77,13,432,DF,182a8b9d
171,Trent Alexander-Arnold,25,44,3073,34.1,37,7,3,4,7,11,4,0,0,0,2.3,2.3,7.8,,8.0,10.2,+0.7,+0.7,-0.8,0.04,56,0.05,0.27,11,19.6,24.2,6,56,0.05,0.27,11,19.6,24.2,6,1725,2344,73.6,57,245,72,20,278,33331,13429,739,829,89.1,722,931,77.6,237,498,47.6,115,87,17,6,5,0,0,12,10,2,0,0,0,0,1434,6348,3406,56,43,9,24,19,1707,110,1707,110,1434,6348,3406,56,43,9,24,19,2675,108,708,1211,776,45,2675,DF,cd1acf9d
172,Sotiris Alexandropoulos,22,26,687,7.6,6,20,3,0,0,0,0,0,0,0,0.2,0.2,0.7,0.9,0.7,0.9,-0.2,-0.2,-0.7,0.04,6,0.00,0.00,1,16.7,25.7,0,6,0.00,0.00,1,16.7,25.7,0,343,431,79.6,5,35,5,0,54,5864,1823,146,169,86.4,153,175,87.4,28,57,49.1,13,9,1,2,0,0,1,1,1,0,0,0,0,0,377,2368,1069,15,18,3,16,9,351,11,351,11,377,2368,1069,15,18,3,16,9,544,17,129,325,99,6,544,MF,4288f249
173,Arthur Alexis,18,1,12,0.1,0,1,3,0,0,0,0,0,0,0,0.0,0.0,0.0,0.0,0.0,0.0,0.0,0.0,0.0,,0,,,0,,,0,0,,,0,,,0,6,8,75.0,0,0,0,0,0,79,32,3,4,75.0,2,2,100.0,0,0,,1,0,0,0,0,1,0,0,0,0,0,0,0,0,7,28,0,0,0,0,0,0,5,0,5,0,7,28,0,0,0,0,0,0,11,1,2,6,3,0,11,MF,c1d1d3d8
174,Migouel Alfarela,26,33,1711,19.0,18,15,5,10,2,12,10,0,1,1,0.3,0.3,0.0,0.3,0.0,0.3,-0.3,-0.3,+2.0,0.30,10,0.10,0.50,2,20.0,15.9,0,10,0.10,0.50,2,20.0,15.9,0,16,20,80.0,0,2,2,0,5,185,95,7,10,70.0,5,6,83.3,0,0,,1,1,0,0,0,0,0,0,0,0,0,0,0,0,17,92,60,2,1,0,1,0,17,3,17,3,17,92,60,2,1,0,1,0,30,0,3,10,17,2,30,MFFW,681b4836
175,Alfon,25,29,1628,18.1,17,12,9,8,5,13,8,0,0,0,4.6,4.6,2.6,7.2,2.1,7.2,+0.4,+0.4,+2.4,0.10,54,0.15,0.35,23,42.6,17.3,0,54,0.15,0.35,23,42.6,17.3,0,263,377,69.8,24,8,7,1,22,3844,521,146,165,88.5,94,132,71.2,11,27,40.7,59,32,0,12,9,6,0,7,4,0,0,2,1,0,374,2856,1693,89,39,47,29,20,428,170,428,170,374,2856,1693,89,39,47,29,20,551,2,44,139,374,114,551,FWMF,1c772b46
176,Luis Alfonso Rodríguez,33,23,1379,15.3,16,7,4,0,1,1,0,0,0,0,0.2,0.2,0.9,1.1,1.2,1.1,-0.2,-0.2,+0.1,0.02,10,0.00,0.00,1,10.0,29.5,0,10,0.00,0.00,1,10.0,29.5,0,810,1004,80.7,13,100,10,4,103,14769,6138,338,374,90.4,376,443,84.9,88,153,57.5,30,25,3,1,1,0,0,3,3,0,0,0,0,0,605,2943,1336,28,25,2,19,7,681,49,681,49,605,2943,1336,28,25,2,19,7,1157,30,288,629,248,3,1157,DF,125d6bed
177,Steven Alfred,26,3,264,2.9,3,0,0,1,0,1,1,0,0,0,1.2,1.2,0.2,1.5,0.1,1.5,-0.2,-0.2,-0.2,0.09,14,0.07,0.20,5,35.7,14.1,0,14,0.07,0.20,5,35.7,14.1,0,35,54,64.8,4,3,1,0,1,514,54,16,22,72.7,14,22,63.6,2,3,66.7,9,4,0,2,3,0,0,0,0,0,0,0,0,0,43,208,103,4,3,0,11,6,62,14,62,14,43,208,103,4,3,0,11,6,94,6,10,42,44,19,94,FW,e0a5e5e2
178,Baba Alhassan,24,38,1664,18.5,14,24,7,2,0,2,2,0,0,0,0.3,0.3,0.2,,0.3,0.5,-0.3,-0.3,-0.2,0.16,23,0.09,0.33,6,26.1,17.6,0,23,0.09,0.33,6,26.1,17.6,0,121,144,84.0,3,6,2,0,10,1670,540,79,89,88.8,35,40,87.5,4,6,66.7,7,6,0,1,0,0,0,0,0,0,0,0,0,0,105,415,152,2,3,1,9,6,117,2,117,2,105,415,152,2,3,1,9,6,203,13,71,112,22,2,203,MFDF,5cc82ba9
179,Mohamed Ali Cho,20,35,1954,21.7,24,11,2,4,4,8,4,0,0,0,4.4,4.4,4.4,7.9,4.1,8.7,-0.4,-0.4,-0.4,0.12,40,0.10,0.24,17,42.5,17.4,0,40,0.10,0.24,17,42.5,17.4,0,375,533,70.4,35,23,38,7,60,5551,1442,223,267,83.5,116,164,70.7,24,51,47.1,68,51,4,6,1,6,0,11,8,0,1,1,1,0,516,3738,2176,88,47,33,74,33,606,153,606,153,516,3738,2176,88,47,33,74,33,794,9,78,333,404,80,794,FWMF,f8405304
180,Hussein Ali,22,6,212,2.4,1,5,20,0,0,0,0,0,0,0,0.0,0.0,0.0,0.0,0.0,0.0,0.0,0.0,0.0,,0,,,0,,,0,0,,,0,,,0,82,101,81.2,0,8,0,0,8,1304,368,36,40,90.0,42,50,84.0,2,7,28.6,1,1,0,0,0,0,0,1,1,0,0,0,0,0,52,197,76,1,2,0,1,1,75,4,75,4,52,197,76,1,2,0,1,1,129,10,42,71,16,0,129,DF,b8a919ad
181,Ömer Ali Şahiner,32,25,1609,17.9,20,5,3,1,1,2,1,0,0,0,0.0,0.0,0.0,,0.0,0.0,0.0,0.0,+1.0,,7,0.14,0.20,5,71.4,,0,7,0.14,0.20,5,71.4,,0,67,84,79.8,1,4,0,0,5,1196,266,29,36,80.6,29,35,82.9,7,10,70.0,1,1,0,0,0,0,0,0,0,0,0,0,0,0,49,198,97,3,0,0,0,1,58,4,58,4,49,198,97,3,0,0,0,1,91,4,20,48,23,3,91,DFMF,2b59d76f
182,Faride Alidou,23,15,313,3.5,0,15,14,0,1,1,0,0,0,0,0.0,0.0,0.0,,0.0,0.0,0.0,0.0,+1.0,0.01,9,0.00,0.00,2,22.2,32.2,0,9,0.00,0.00,2,22.2,32.2,0,16,20,80.0,1,0,1,1,1,198,42,7,7,100.0,4,6,66.7,1,2,50.0,2,1,0,1,0,0,0,0,0,0,0,0,0,0,17,98,44,1,3,0,1,1,19,2,19,2,17,98,44,1,3,0,1,1,31,2,5,11,17,0,31,FW,00f518d8
183,Saidou Alioum,21,8,177,2.0,1,7,0,2,0,2,2,0,0,0,1.3,1.3,0.0,1.4,0.1,1.4,+0.7,+0.7,0.0,0.22,6,0.33,0.40,5,83.3,18.1,0,6,0.33,0.40,5,83.3,18.1,0,40,61,65.6,1,1,2,0,5,492,116,27,37,73.0,8,13,61.5,1,2,50.0,3,1,0,1,0,0,1,2,0,0,1,0,0,1,48,291,168,8,3,1,2,5,62,26,62,26,48,291,168,8,3,1,2,5,81,1,13,26,46,11,81,MFFW,db7e298a
184,Ignacio Aliseda,24,21,1136,12.6,13,8,2,6,2,8,6,0,0,0,0.7,0.7,0.7,,0.3,1.4,-0.7,-0.7,+1.3,0.12,42,0.14,0.38,16,38.1,13.7,0,42,0.14,0.38,16,38.1,13.7,0,68,75,90.7,3,4,2,0,7,975,137,41,43,95.3,19,21,90.5,4,5,80.0,7,5,0,1,0,1,0,0,0,0,0,0,0,0,65,441,148,5,4,1,2,3,78,23,78,23,65,441,148,5,4,1,2,3,94,2,8,38,49,11,94,MFFW,bb8099ee
185,Jamie Allen,29,26,1373,15.3,16,10,16,0,0,0,0,0,0,0,0.5,0.5,0.1,,0.2,0.6,-0.5,-0.5,-0.1,0.05,11,0.00,0.00,2,18.2,23.8,0,11,0.00,0.00,2,18.2,23.8,0,364,419,86.9,4,46,4,0,37,5853,1384,174,196,88.8,154,170,90.6,21,28,75.0,14,10,0,0,2,1,1,2,2,0,0,0,0,0,242,914,323,2,4,0,16,10,294,6,294,6,242,914,323,2,4,0,16,10,527,23,116,330,88,4,527,MF,2c183a79
186,Joe Allen,34,27,752,8.4,8,19,8,1,1,2,1,0,0,0,0.9,0.9,0.4,1.3,0.9,1.3,+0.1,+0.1,+0.6,0.15,7,0.14,0.33,3,42.9,12.6,0,7,0.14,0.33,3,42.9,12.6,0,343,400,85.8,7,27,6,1,40,5734,1324,160,182,87.9,149,165,90.3,25,34,73.5,26,20,2,1,1,2,0,5,4,0,1,0,0,0,225,982,398,7,6,1,5,11,287,19,287,19,225,982,398,7,6,1,5,11,454,13,80,264,115,11,454,MF,9feb8f24
187,Tadeo Allende,25,3,102,1.1,0,3,7,2,0,2,2,0,0,0,0.0,0.0,0.0,,0.0,0.0,0.0,0.0,0.0,,1,2.00,2.00,1,100.0,,0,1,2.00,2.00,1,100.0,,0,1,3,33.3,0,0,0,0,0,7,1,1,2,50.0,0,0,,0,0,,0,0,0,0,0,0,0,0,0,0,0,0,0,0,3,13,4,0,0,0,0,0,3,0,3,0,3,13,4,0,0,0,0,0,4,1,1,3,0,0,4,FWMF,75a66bed
188,Jim Allevinah,29,31,1933,21.5,26,5,0,2,3,5,2,0,0,0,4.2,4.2,2.5,6.7,1.7,6.7,-3.2,-3.2,+0.5,0.12,40,0.05,0.17,12,30.0,14.5,0,40,0.05,0.17,12,30.0,14.5,0,363,483,75.2,15,28,13,3,48,5265,1271,219,256,85.5,111,157,70.7,19,31,61.3,39,25,1,3,6,3,1,7,4,0,0,2,1,0,435,3164,1395,57,34,8,38,32,483,99,483,99,435,3164,1395,57,34,8,38,32,682,11,134,311,253,65,682,FW,1956b948
189,Dele Alli,28,1,9,0.1,0,1,9,0,0,0,0,0,0,0,0.0,0.0,0.0,0.0,0.0,0.0,0.0,0.0,0.0,,0,,,0,,,0,0,,,0,,,0,3,3,100.0,0,0,0,0,0,21,4,2,2,100.0,0,0,,0,0,,0,0,0,0,0,0,0,0,0,0,0,0,0,0,3,7,4,0,0,0,1,0,4,1,4,1,3,7,4,0,0,0,1,0,4,0,0,2,2,0,4,MF,cea4ee8f
190,Millenic Alli,24,45,2809,31.2,28,17,1,14,1,15,14,0,1,1,1.3,1.3,0.3,,0.3,1.7,+2.7,+2.7,+0.7,0.06,67,0.21,0.54,26,38.8,16.5,0,67,0.21,0.54,26,38.8,16.5,0,133,220,60.5,3,8,6,2,14,2039,474,83,109,76.1,33,61,54.1,10,19,52.6,22,8,0,6,5,3,0,3,0,0,2,1,0,0,209,1754,847,41,12,21,27,28,225,53,225,53,209,1754,847,41,12,21,27,28,353,16,61,99,198,47,353,FW,b639311c
191,Facundo Almada,26,24,1758,19.5,20,4,2,1,0,1,1,0,0,0,2.4,2.4,0.1,2.5,0.2,2.5,-1.4,-1.4,-0.1,0.22,11,0.09,0.20,5,45.5,8.9,0,11,0.09,0.20,5,45.5,8.9,0,672,835,80.5,2,48,2,0,44,14147,5835,193,209,92.3,371,422,87.9,99,179,55.3,12,8,1,0,2,0,1,3,2,0,0,1,0,0,521,2370,1028,6,4,1,9,2,599,4,599,4,521,2370,1028,6,4,1,9,2,1021,120,539,448,41,15,1021,DF,cd60f3ce
192,Thiago Almada,23,20,1213,13.5,11,9,1,2,4,6,2,0,0,0,2.5,2.5,2.8,0.6,2.8,5.3,-0.5,-0.5,+1.2,0.08,33,0.06,0.29,7,21.2,21.3,4,33,0.06,0.29,7,21.2,21.3,4,804,944,85.2,24,61,26,2,113,12448,3280,449,487,92.2,288,320,90.0,47,95,49.5,62,46,9,1,4,2,0,12,11,0,0,0,1,0,722,3757,1906,48,44,10,19,11,817,60,817,60,722,3757,1906,48,44,10,19,11,1049,23,177,481,400,37,1049,MF,27f33438
193,Dinis Almeida,29,35,2955,32.8,33,2,6,3,0,3,3,0,0,0,1.5,1.5,0.2,1.7,0.3,1.7,-0.5,-0.5,-0.2,0.50,3,0.33,1.00,1,33.3,7.5,0,3,0.33,1.00,1,33.3,7.5,0,323,376,85.9,3,17,0,0,8,6517,2299,91,102,89.2,193,210,91.9,38,62,61.3,4,4,0,0,0,0,0,0,0,0,0,0,0,0,267,1105,475,3,0,0,6,2,302,0,302,0,267,1105,475,3,0,0,6,2,457,103,305,141,14,11,457,DF,f014e1bd
194,Domingos André Ribeiro Almeida,24,38,2127,23.6,25,13,3,0,4,4,0,0,0,0,1.2,1.2,3.2,4.4,4.9,4.4,-1.2,-1.2,+0.8,0.07,19,0.00,0.00,5,26.3,24.1,2,19,0.00,0.00,5,26.3,24.1,2,798,947,84.3,43,96,24,5,142,13067,3738,415,444,93.5,277,318,87.1,77,123,62.6,86,54,17,1,3,9,2,6,5,1,0,0,0,0,676,3596,1810,45,48,11,37,38,836,77,836,77,676,3596,1810,45,48,11,37,38,1162,15,150,596,428,43,1162,MFFW,e6697917
195,Gonçalo Almeida,21,19,814,9.0,9,10,6,0,0,0,0,0,0,0,0.7,0.7,0.9,1.6,0.9,1.6,-0.7,-0.7,-0.9,0.10,7,0.00,0.00,2,28.6,16.3,0,7,0.00,0.00,2,28.6,16.3,0,217,304,71.4,11,8,6,3,18,3834,1123,97,129,75.2,92,117,78.6,22,38,57.9,19,14,1,0,1,1,2,1,0,0,0,1,0,0,197,945,489,12,9,4,23,5,227,43,227,43,197,945,489,12,9,4,23,5,403,10,87,197,126,14,403,DFMF,198034b2
196,Iker Almena,20,19,1229,13.7,13,6,0,0,2,2,0,0,0,0,0.0,0.0,0.7,,0.4,0.7,0.0,0.0,+1.3,0.03,11,0.00,0.00,3,27.3,24.7,0,11,0.00,0.00,3,27.3,24.7,0,23,32,71.9,2,0,0,0,2,328,34,13,14,92.9,10,14,71.4,0,1,0.0,3,2,0,1,0,0,0,2,1,0,1,0,0,0,32,233,152,6,3,1,1,0,31,10,31,10,32,233,152,6,3,1,1,0,39,2,4,6,30,1,39,MFDF,0b32f721
197,Miguel Almirón,30,14,419,4.7,4,10,15,0,0,0,0,0,0,0,0.5,0.5,0.3,,0.2,0.8,-0.5,-0.5,-0.3,0.09,10,0.00,0.00,3,30.0,14.2,0,10,0.00,0.00,3,30.0,14.2,0,54,66,81.8,3,3,1,0,6,707,219,39,42,92.9,13,16,81.3,1,3,33.3,8,6,0,1,1,0,0,0,0,0,0,0,0,0,54,284,93,3,3,2,0,2,59,18,59,18,54,284,93,3,3,2,0,2,81,1,10,35,36,9,81,FW,862a1c15
198,Pontus Almqvist,25,29,1112,12.4,10,19,7,1,1,2,1,0,0,0,2.1,2.1,1.3,3.5,0.9,3.5,-1.1,-1.1,-0.3,0.08,26,0.04,0.11,9,34.6,17.4,0,26,0.04,0.11,9,34.6,17.4,0,215,297,72.4,10,4,4,1,12,2758,504,150,184,81.5,46,65,70.8,7,12,58.3,26,15,0,5,3,3,0,2,2,0,0,0,0,0,298,2165,1059,42,18,22,31,13,320,85,320,85,298,2165,1059,42,18,22,31,13,462,11,67,154,253,53,462,FWMF,0917188a
199,Marcos Alonso,33,33,2857,31.7,31,2,1,4,0,4,0,4,4,0,4.0,1.6,1.3,,2.0,2.9,-1.0,-1.6,-1.3,0.05,34,0.00,0.00,11,32.4,20.3,7,34,0.00,0.00,11,32.4,20.3,7,2139,2397,89.2,21,226,21,6,215,38937,14018,852,902,94.5,1078,1140,94.6,180,288,62.5,46,38,3,1,3,0,1,6,6,0,0,0,0,0,1733,10524,6481,64,48,2,20,9,1901,49,1901,49,1733,10524,6481,64,48,2,20,9,2683,211,1022,1399,298,35,2680,DF,f4290206
200,Carlos Alonso Vargas,25,5,58,0.6,0,5,15,0,0,0,0,0,0,0,0.0,0.0,0.0,0.0,0.0,0.0,0.0,0.0,0.0,,0,,,0,,,0,0,,,0,,,0,23,35,65.7,0,2,0,0,5,356,161,14,17,82.4,6,9,66.7,2,7,28.6,1,1,0,0,0,0,0,0,0,0,0,0,0,0,17,66,5,0,0,0,2,0,22,1,22,1,17,66,5,0,0,0,2,0,49,0,14,20,15,1,49,DFFW,20974b8a
